[20Jun2025 08:03:28.548] [main/INFO] [cpw.mods.modlauncher.Launcher/MODLAUNCHER]: ModLauncher running: args [--launchTarget, forgeserver, --fml.forgeVersion, 47.4.0, --fml.mcVersion, 1.20.1, --fml.forgeGroup, net.minecraftforge, --fml.mcpVersion, 20230612.114412, nogui]
[20Jun2025 08:03:28.554] [main/INFO] [cpw.mods.modlauncher.Launcher/MODLAUNCHER]: ModLauncher 10.0.9+10.0.9+main.dcd20f30 starting: java version 17.0.15 by Ubuntu; OS Linux arch amd64 version 6.8.0-1027-azure
[20Jun2025 08:03:34.107] [main/INFO] [net.minecraftforge.fml.loading.ImmediateWindowHandler/]: ImmediateWindowProvider not loading because launch target is forgeserver
[20Jun2025 08:03:34.160] [main/INFO] [mixin/]: SpongePowered MIXIN Subsystem Version=0.8.5 Source=union:/workspaces/server1/servidor_minecraft/libraries/org/spongepowered/mixin/0.8.5/mixin-0.8.5.jar%2365!/ Service=ModLauncher Env=SERVER
[20Jun2025 08:03:34.199] [main/INFO] [APTweaks(Mods)/]: ✔ Processing 120 client sides mods with 0 skipped entries ...
[20Jun2025 08:03:34.219] [main/INFO] [APTweaks(Mods)/]: ✔ No need to update client side mods config file /workspaces/server1/servidor_minecraft/config/adaptive_performance_tweaks/client_side_mods.list
[20Jun2025 08:03:34.221] [main/INFO] [APTweaks(Mods)/]: ✔ Processing 120 client sides mods with 3 skipped entries ...
[20Jun2025 08:03:34.236] [main/INFO] [APTweaks(Mods)/]: [Mod Optimizer] ♻ init with game dir /workspaces/server1/servidor_minecraft and mods dir /workspaces/server1/servidor_minecraft/mods for target SERVER
[20Jun2025 08:03:34.237] [main/INFO] [APTweaks(Mods)/]: [Mod Optimizer] ♻ Optimizing Duplicated Mods ...
[20Jun2025 08:03:34.239] [main/INFO] [APTweaks(Mods)/]: [Duplicated Mods] checking ~140 mods in /workspaces/server1/servidor_minecraft/mods for duplication with file extension .jar ...
[20Jun2025 08:03:34.774] [main/INFO] [APTweaks(Mods)/]: [Mod Optimizer] X Disable possible client side mods ...
[20Jun2025 08:03:35.282] [main/WARN] [net.minecraftforge.fml.loading.moddiscovery.ModFileParser/LOADING]: Mod file /workspaces/server1/servidor_minecraft/libraries/net/minecraftforge/fmlcore/1.20.1-47.4.0/fmlcore-1.20.1-47.4.0.jar is missing mods.toml file
[20Jun2025 08:03:35.285] [main/WARN] [net.minecraftforge.fml.loading.moddiscovery.ModFileParser/LOADING]: Mod file /workspaces/server1/servidor_minecraft/libraries/net/minecraftforge/javafmllanguage/1.20.1-47.4.0/javafmllanguage-1.20.1-47.4.0.jar is missing mods.toml file
[20Jun2025 08:03:35.286] [main/WARN] [net.minecraftforge.fml.loading.moddiscovery.ModFileParser/LOADING]: Mod file /workspaces/server1/servidor_minecraft/libraries/net/minecraftforge/lowcodelanguage/1.20.1-47.4.0/lowcodelanguage-1.20.1-47.4.0.jar is missing mods.toml file
[20Jun2025 08:03:35.287] [main/WARN] [net.minecraftforge.fml.loading.moddiscovery.ModFileParser/LOADING]: Mod file /workspaces/server1/servidor_minecraft/libraries/net/minecraftforge/mclanguage/1.20.1-47.4.0/mclanguage-1.20.1-47.4.0.jar is missing mods.toml file
[20Jun2025 08:03:36.211] [main/WARN] [net.minecraftforge.jarjar.selection.JarSelector/]: Attempted to select two dependency jars from JarJar which have the same identification: Mod File:  and Mod File: . Using Mod File: 
[20Jun2025 08:03:36.212] [main/WARN] [net.minecraftforge.jarjar.selection.JarSelector/]: Attempted to select a dependency jar for JarJar which was passed in as source: cloth_config. Using Mod File: /workspaces/server1/servidor_minecraft/mods/cloth-config-11.1.136-forge.jar
[20Jun2025 08:03:36.213] [main/INFO] [net.minecraftforge.fml.loading.moddiscovery.JarInJarDependencyLocator/]: Found 42 dependencies adding them to mods collection
[20Jun2025 08:03:36.647] [main/INFO] [org.groovymc.gml.mappings.MappingsProvider/]: Starting runtime mappings setup...
[20Jun2025 08:03:36.669] [main/INFO] [org.groovymc.gml.internal.locator.ModLocatorInjector/]: Injecting ScriptModLocator candidates...
[20Jun2025 08:03:36.682] [main/INFO] [org.groovymc.gml.scriptmods.ScriptModLocator/]: Injected Jimfs file system
[20Jun2025 08:03:36.691] [main/INFO] [org.groovymc.gml.scriptmods.ScriptModLocator/]: Skipped loading script mods from directory /workspaces/server1/servidor_minecraft/mods/scripts as it did not exist.
[20Jun2025 08:03:36.697] [main/INFO] [org.groovymc.gml.internal.locator.ModLocatorInjector/]: Injected ScriptModLocator mod candidates. Found 0 valid mod candidates and 0 broken mod files.
[20Jun2025 08:03:39.596] [GML Mappings Thread/INFO] [org.groovymc.gml.mappings.MappingsProvider/]: Loaded runtime mappings in 2779ms
[20Jun2025 08:03:39.597] [GML Mappings Thread/INFO] [org.groovymc.gml.mappings.MappingsProvider/]: Finished runtime mappings setup.
[20Jun2025 08:03:41.645] [main/INFO] [mixin/]: Compatibility level set to JAVA_17
[20Jun2025 08:03:41.768] [main/ERROR] [mixin/]: Mixin config mixins.megamons-common.json does not specify "minVersion" property
[20Jun2025 08:03:41.996] [main/INFO] [cpw.mods.modlauncher.LaunchServiceHandler/MODLAUNCHER]: Launching target 'forgeserver' with arguments [nogui]
[20Jun2025 08:03:42.160] [main/INFO] [ModernFix/]: Loaded configuration file for ModernFix 5.23.1+mc1.20.1: 95 options available, 0 override(s) found
[20Jun2025 08:03:42.161] [main/INFO] [ModernFix/]: Applying Nashorn fix
[20Jun2025 08:03:42.176] [main/INFO] [ModernFix/]: Applied Forge config corruption patch
[20Jun2025 08:03:42.277] [main/WARN] [mixin/]: Reference map 'cobweb.refmap.json' for cobweb.mixins.json could not be read. If this is a development environment you can ignore this message
[20Jun2025 08:03:42.280] [main/WARN] [mixin/]: Reference map 'cobweb.refmap.json' for cobweb.forge.mixins.json could not be read. If this is a development environment you can ignore this message
[20Jun2025 08:03:42.332] [main/WARN] [mixin/]: Reference map 'megamons-forge-refmap.json' for mixins.megamons-forge.json could not be read. If this is a development environment you can ignore this message
[20Jun2025 08:03:42.388] [main/WARN] [mixin/]: Reference map 'mimicer.refmap.json' for themimic_er.mixins.json could not be read. If this is a development environment you can ignore this message
[20Jun2025 08:03:42.428] [main/WARN] [mixin/]: Reference map 'puzzlesaccessapi.common.refmap.json' for puzzlesaccessapi.common.mixins.json could not be read. If this is a development environment you can ignore this message
[20Jun2025 08:03:42.537] [main/INFO] [Canary/]: Loaded configuration file for Canary: 116 options available, 0 override(s) found
[20Jun2025 08:03:42.549] [main/WARN] [mixin/]: Reference map 'coroutil.refmap.json' for coroutil.mixins.json could not be read. If this is a development environment you can ignore this message
[20Jun2025 08:03:42.628] [main/INFO] [Puzzles Lib/]: Loading 148 mods:
	- ad_astra 1.15.20
	- adaptive_performance_tweaks_core 11.3.0
	- adaptive_performance_tweaks_items 11.3.0
	- aiimprovements 0.5.2
	- alexscaves 2.0.2
	- alexsmobs 1.22.9
	- appleskin 2.5.1+mc1.20.1
	- architectury 9.2.14
	- attributefix 21.0.4
	- backpacked 2.2.5
	- balm 7.3.31
		\-- kuma_api 20.1.10
	- betterchunkloading 1.20.1-5.4
	- bettercombat 1.8.6+1.20.1
	- betterdungeons 1.20-Forge-4.0.4
	- betterendisland 1.20-Forge-2.0.6
	- betterfortresses 1.20-Forge-2.0.6
	- betterjungletemples 1.20-Forge-2.0.5
	- bettermineshafts 1.20-Forge-4.0.4
	- betteroceanmonuments 1.20-Forge-3.0.4
	- betterstrongholds 1.20-Forge-4.0.3
	- bettervillage 3.3.1
	- biomesoplenty 18.0.0.592
	- blueprint 7.1.3
	- botarium 2.3.4
	- brutalbosses 1.20.1-8.2
	- caelus 3.2.0+1.20.1
	- canary 0.3.3
	- capture_xp 1.5-forge-1.0.1
	- carryon 2.1.2.7
		\-- mixinextras 0.2.0-beta.6
	- cataclysm 3.00
	- cerbons_api 1.0.0
	- chunksending 1.20.1-2.8
	- citadel 2.6.1
	- cloth_config 11.1.136
	- clumps 12.0.0.4
	- cobbledex 1.1.0
	- cobblemon 1.5.2+1.20.1
	- cobblemonintegrations 1.0.7
	- cobblemonrider 1.2.4
	- cobblepedia 0.6.8
	- cobweb 1.0.1
	- comforts 6.4.0+1.20.1
		\-- spectrelib 0.13.15+1.20.1
	- commongroovylibrary 0.3.3
	- configured 2.2.3
	- corgilib 4.0.3.4
	- coroutil 1.20.1-1.3.7
	- cosmeticarmorreworked 1.20.1-v1a
	- create 6.0.6
		|-- flywheel 1.0.4
		\-- ponder 1.0.80
	- creativecore 2.12.32
	- cupboard 1.20.1-2.7
	- curios 5.14.1+1.20.1
	- cyclopscore 1.20.1
	- diagonalfences 8.1.5
		\-- diagonalblocks 8.0.6
	- dragonfight 1.20.1-4.6
	- dungeoncrawl 2.3.15
	- dungeons_arise 2.1.58-1.20.x
	- dynview 2.3
	- easyanvils 8.0.2
	- easymagic 8.0.1
	- elevatorid 1.20.1-1.9.1-forge
	- enhancedai 2.6.7
	- explosiveenhancement 1.1.0
	- exposure 1.7.16
	- fastbench 8.0.4
	- fastconfigapi 2.1.0
	- fastfurnace 8.0.2
	- fastload 3.4.0
	- fastsuite 5.1.0
	- ferritecore 6.0.1
	- fightorflight 0.5.0
	- forge 47.4.0
	- framework 0.7.15
	- geckolib 4.7.2
	- gml 4.0.11
	- goat_man 2.8
	- hammerlib 20.1.50
	- horde_hoard 1.1.0
	- immersive_melodies 0.5.0+1.20.1
	- immersive_paintings 0.6.8+1.20.1
	- improvedmobs 1.20.1-1.13.5
	- incendium 5.3.5
	- insanelib 1.21.7
	- irons_spellbooks 1.20.1-3.4.0.9
	- itemphysic 1.8.7
	- jamlib 1.3.5+1.20.1
	- jei 15.20.0.112
	- kotlinforforge 4.11.0
	- legendary_monsters 1.20.1
	- libipn 4.0.2
	- libraryferret 4.0.0
	- lionfishapi 2.4-Fix
	- lithostitched 1.4.8
	- lootr 0.7.35.91
	- man 1.4
	- mca 7.6.10+1.20.1
	- megamons 1.5.0+1.20.1-forge+fabric-75b66fa
	- minecraft 1.20.1
	- modernfix 5.23.1+mc1.20.1
	- moonlight 1.20-2.14.8
	- mowziesmobs 1.7.3
	- mr_dungeons_andtaverns 3.0.3.f
	- mythsandlegends 1.6.1
	- octolib 0.5.0.1
	- ohthetreesyoullgrow 1.3.13
	- patchouli 1.20.1-84.1-FORGE
	- placebo 8.6.3
	- playeranimator 1.0.2-rc1+1.20
	- puzzleslib 8.1.32
		\-- puzzlesaccessapi 20.1.1
	- quark 4.0-462
	- recipes_lib 2.0.1
	- refurbished_furniture 1.0.14
	- regions_unexplored 0.5.6
	- resourcefulconfig 2.1.3
	- resourcefullib 2.1.29
	- rightclickharvest 4.5.3+1.20.1
	- simpletms 1.1.2
	- smoothchunk 1.20.1-4.1
	- solapplepie 1.20.1-2.3.0
	- spark 1.10.53
	- spawn_notification 1.5-forge-1.2.0
	- structureessentials 1.20.1-4.7
	- takesapillage 1.0.3
	- tenshilib 1.20.1-1.7.6
	- terrablender 3.0.1.10
	- terralith 2.5.4
	- the_deep_void 1.89
	- themimic_er 1.7.0
	- tmtcop 2.0.0
	- tombstone 8.9.8
	- treechop 0.19.0
	- unusualprehistory 1.5.0.3
	- uteamcore 5.1.4.382
	- vanillacookbook 2.2.4
	- visualworkbench 8.0.0
	- void_lib 1.1.5
	- wan_ancient_beasts 1.2.1
	- waystones 14.1.13
	- yungsapi 1.20-Forge-4.0.6
	- zeta 1.0-30
	- zetter 0.21.5
	- zombieawareness 1.20.1-1.13.1
[20Jun2025 08:03:43.167] [main/INFO] [net.minecraftforge.coremod.CoreMod.placebo/COREMODLOG]: Patching IForgeItemStack#getEnchantmentLevel
[20Jun2025 08:03:43.186] [main/INFO] [net.minecraftforge.coremod.CoreMod.placebo/COREMODLOG]: Patching IForgeItemStack#getEnchantmentLevel
[20Jun2025 08:03:43.235] [main/WARN] [mixin/]: Error loading class: dev/latvian/mods/kubejs/recipe/RecipesEventJS (java.lang.ClassNotFoundException: dev.latvian.mods.kubejs.recipe.RecipesEventJS)
[20Jun2025 08:03:43.236] [main/WARN] [mixin/]: @Mixin target dev.latvian.mods.kubejs.recipe.RecipesEventJS was not found mixins.hammerlib.json:bs.kubejs.RecipeEventJSMixin
[20Jun2025 08:03:43.312] [main/INFO] [com.cupboard.Cupboard/]: Loaded config for: structureessentials.json
[20Jun2025 08:03:43.390] [main/ERROR] [net.minecraftforge.coremod.transformer.CoreModBaseTransformer/COREMOD]: Error occurred applying transform of coremod coremods/field_to_method.js function biome
java.lang.IllegalStateException: Field f_47437_ is not private and an instance field
	at net.minecraftforge.coremod.api.ASMAPI.redirectFieldToMethod(ASMAPI.java:1069) ~[coremods-5.2.4.jar%2354!/:?]
	at org.openjdk.nashorn.internal.scripts.Script$Recompilation$26$292A$\^eval\_.initializeCoreMod#transformer(<eval>:11) ~[?:?]
	at org.openjdk.nashorn.internal.runtime.ScriptFunctionData.invoke(ScriptFunctionData.java:648) ~[nashorn-core-15.4.jar%2366!/:?]
	at org.openjdk.nashorn.internal.runtime.ScriptFunction.invoke(ScriptFunction.java:513) ~[nashorn-core-15.4.jar%2366!/:?]
	at org.openjdk.nashorn.internal.runtime.ScriptRuntime.apply(ScriptRuntime.java:520) ~[nashorn-core-15.4.jar%2366!/:?]
	at org.openjdk.nashorn.api.scripting.ScriptObjectMirror.call(ScriptObjectMirror.java:111) ~[nashorn-core-15.4.jar%2366!/:?]
	at net.minecraftforge.coremod.NashornFactory.lambda$getFunction$0(NashornFactory.java:37) ~[coremods-5.2.4.jar%2354!/:5.2.4]
	at net.minecraftforge.coremod.transformer.CoreModClassTransformer.runCoremod(CoreModClassTransformer.java:22) ~[coremods-5.2.4.jar%2354!/:?]
	at net.minecraftforge.coremod.transformer.CoreModClassTransformer.runCoremod(CoreModClassTransformer.java:14) ~[coremods-5.2.4.jar%2354!/:?]
	at net.minecraftforge.coremod.transformer.CoreModBaseTransformer.transform(CoreModBaseTransformer.java:60) ~[coremods-5.2.4.jar%2354!/:?]
	at cpw.mods.modlauncher.TransformerHolder.transform(TransformerHolder.java:41) ~[modlauncher-10.0.9.jar%2355!/:?]
	at cpw.mods.modlauncher.ClassTransformer.performVote(ClassTransformer.java:179) ~[modlauncher-10.0.9.jar%2355!/:?]
	at cpw.mods.modlauncher.ClassTransformer.transform(ClassTransformer.java:117) ~[modlauncher-10.0.9.jar%2355!/:?]
	at cpw.mods.modlauncher.TransformingClassLoader.maybeTransformClassBytes(TransformingClassLoader.java:50) ~[modlauncher-10.0.9.jar%2355!/:?]
	at cpw.mods.cl.ModuleClassLoader.getMaybeTransformedClassBytes(ModuleClassLoader.java:250) ~[securejarhandler-2.1.10.jar:?]
	at cpw.mods.modlauncher.TransformingClassLoader.buildTransformedClassNodeFor(TransformingClassLoader.java:58) ~[modlauncher-10.0.9.jar%2355!/:?]
	at cpw.mods.modlauncher.LaunchPluginHandler.lambda$announceLaunch$10(LaunchPluginHandler.java:100) ~[modlauncher-10.0.9.jar%2355!/:?]
	at org.spongepowered.asm.launch.MixinLaunchPluginLegacy.getClassNode(MixinLaunchPluginLegacy.java:222) ~[mixin-0.8.5.jar%2365!/:0.8.5+Jenkins-b310.git-155314e6e91465dad727e621a569906a410cd6f4]
	at org.spongepowered.asm.launch.MixinLaunchPluginLegacy.getClassNode(MixinLaunchPluginLegacy.java:207) ~[mixin-0.8.5.jar%2365!/:0.8.5+Jenkins-b310.git-155314e6e91465dad727e621a569906a410cd6f4]
	at org.spongepowered.asm.mixin.transformer.ClassInfo.forName(ClassInfo.java:2005) ~[mixin-0.8.5.jar%2365!/:0.8.5+Jenkins-b310.git-155314e6e91465dad727e621a569906a410cd6f4]
	at org.spongepowered.asm.mixin.transformer.MixinInfo.getTargetClass(MixinInfo.java:1017) ~[mixin-0.8.5.jar%2365!/:0.8.5+Jenkins-b310.git-155314e6e91465dad727e621a569906a410cd6f4]
	at org.spongepowered.asm.mixin.transformer.MixinInfo.readTargetClasses(MixinInfo.java:1007) ~[mixin-0.8.5.jar%2365!/:0.8.5+Jenkins-b310.git-155314e6e91465dad727e621a569906a410cd6f4]
	at org.spongepowered.asm.mixin.transformer.MixinInfo.parseTargets(MixinInfo.java:895) ~[mixin-0.8.5.jar%2365!/:0.8.5+Jenkins-b310.git-155314e6e91465dad727e621a569906a410cd6f4]
	at org.spongepowered.asm.mixin.transformer.MixinConfig.prepareMixins(MixinConfig.java:867) ~[mixin-0.8.5.jar%2365!/:0.8.5+Jenkins-b310.git-155314e6e91465dad727e621a569906a410cd6f4]
	at org.spongepowered.asm.mixin.transformer.MixinConfig.prepare(MixinConfig.java:775) ~[mixin-0.8.5.jar%2365!/:0.8.5+Jenkins-b310.git-155314e6e91465dad727e621a569906a410cd6f4]
	at org.spongepowered.asm.mixin.transformer.MixinProcessor.prepareConfigs(MixinProcessor.java:539) ~[mixin-0.8.5.jar%2365!/:0.8.5+Jenkins-b310.git-155314e6e91465dad727e621a569906a410cd6f4]
	at org.spongepowered.asm.mixin.transformer.MixinProcessor.select(MixinProcessor.java:462) ~[mixin-0.8.5.jar%2365!/:0.8.5+Jenkins-b310.git-155314e6e91465dad727e621a569906a410cd6f4]
	at org.spongepowered.asm.mixin.transformer.MixinProcessor.checkSelect(MixinProcessor.java:438) ~[mixin-0.8.5.jar%2365!/:0.8.5+Jenkins-b310.git-155314e6e91465dad727e621a569906a410cd6f4]
	at org.spongepowered.asm.mixin.transformer.MixinProcessor.applyMixins(MixinProcessor.java:290) ~[mixin-0.8.5.jar%2365!/:0.8.5+Jenkins-b310.git-155314e6e91465dad727e621a569906a410cd6f4]
	at org.spongepowered.asm.mixin.transformer.MixinTransformer.transformClass(MixinTransformer.java:250) ~[mixin-0.8.5.jar%2365!/:0.8.5+Jenkins-b310.git-155314e6e91465dad727e621a569906a410cd6f4]
	at org.spongepowered.asm.service.modlauncher.MixinTransformationHandler.processClass(MixinTransformationHandler.java:131) ~[mixin-0.8.5.jar%2365!/:0.8.5+Jenkins-b310.git-155314e6e91465dad727e621a569906a410cd6f4]
	at org.spongepowered.asm.launch.MixinLaunchPluginLegacy.processClass(MixinLaunchPluginLegacy.java:131) ~[mixin-0.8.5.jar%2365!/:0.8.5+Jenkins-b310.git-155314e6e91465dad727e621a569906a410cd6f4]
	at cpw.mods.modlauncher.serviceapi.ILaunchPluginService.processClassWithFlags(ILaunchPluginService.java:156) ~[modlauncher-10.0.9.jar%2355!/:10.0.9+10.0.9+main.dcd20f30]
	at cpw.mods.modlauncher.LaunchPluginHandler.offerClassNodeToPlugins(LaunchPluginHandler.java:88) ~[modlauncher-10.0.9.jar%2355!/:?]
	at cpw.mods.modlauncher.ClassTransformer.transform(ClassTransformer.java:120) ~[modlauncher-10.0.9.jar%2355!/:?]
	at cpw.mods.modlauncher.TransformingClassLoader.maybeTransformClassBytes(TransformingClassLoader.java:50) ~[modlauncher-10.0.9.jar%2355!/:?]
	at cpw.mods.cl.ModuleClassLoader.readerToClass(ModuleClassLoader.java:113) ~[securejarhandler-2.1.10.jar:?]
	at cpw.mods.cl.ModuleClassLoader.lambda$findClass$15(ModuleClassLoader.java:219) ~[securejarhandler-2.1.10.jar:?]
	at cpw.mods.cl.ModuleClassLoader.loadFromModule(ModuleClassLoader.java:229) ~[securejarhandler-2.1.10.jar:?]
	at cpw.mods.cl.ModuleClassLoader.findClass(ModuleClassLoader.java:219) ~[securejarhandler-2.1.10.jar:?]
	at java.lang.ClassLoader.loadClass(ClassLoader.java:637) ~[?:?]
	at java.lang.Class.forName(Class.java:545) ~[?:?]
	at net.minecraftforge.fml.loading.ImmediateWindowHandler$DummyProvider.lambda$updateModuleReads$1(ImmediateWindowHandler.java:145) ~[fmlloader-1.20.1-47.4.0.jar%2369!/:1.0]
	at java.util.Optional.map(Optional.java:260) ~[?:?]
	at net.minecraftforge.fml.loading.ImmediateWindowHandler$DummyProvider.updateModuleReads(ImmediateWindowHandler.java:145) ~[fmlloader-1.20.1-47.4.0.jar%2369!/:1.0]
	at net.minecraftforge.fml.loading.ImmediateWindowHandler.acceptGameLayer(ImmediateWindowHandler.java:71) ~[fmlloader-1.20.1-47.4.0.jar%2369!/:1.0]
	at net.minecraftforge.fml.loading.FMLLoader.beforeStart(FMLLoader.java:216) ~[fmlloader-1.20.1-47.4.0.jar%2369!/:1.0]
	at net.minecraftforge.fml.loading.targets.CommonLaunchHandler.launchService(CommonLaunchHandler.java:92) ~[fmlloader-1.20.1-47.4.0.jar%2369!/:?]
	at cpw.mods.modlauncher.LaunchServiceHandlerDecorator.launch(LaunchServiceHandlerDecorator.java:30) ~[modlauncher-10.0.9.jar%2355!/:?]
	at cpw.mods.modlauncher.LaunchServiceHandler.launch(LaunchServiceHandler.java:53) ~[modlauncher-10.0.9.jar%2355!/:?]
	at cpw.mods.modlauncher.LaunchServiceHandler.launch(LaunchServiceHandler.java:71) ~[modlauncher-10.0.9.jar%2355!/:?]
	at cpw.mods.modlauncher.Launcher.run(Launcher.java:108) ~[modlauncher-10.0.9.jar%2355!/:?]
	at cpw.mods.modlauncher.Launcher.main(Launcher.java:78) ~[modlauncher-10.0.9.jar%2355!/:?]
	at cpw.mods.modlauncher.BootstrapLaunchConsumer.accept(BootstrapLaunchConsumer.java:26) ~[modlauncher-10.0.9.jar%2355!/:?]
	at cpw.mods.modlauncher.BootstrapLaunchConsumer.accept(BootstrapLaunchConsumer.java:23) ~[modlauncher-10.0.9.jar%2355!/:?]
	at cpw.mods.bootstraplauncher.BootstrapLauncher.main(BootstrapLauncher.java:141) ~[bootstraplauncher-1.1.2.jar:?]
[20Jun2025 08:03:43.906] [main/WARN] [mixin/]: Error loading class: juuxel/adorn/block/variant/BlockVariantSets (java.lang.ClassNotFoundException: juuxel.adorn.block.variant.BlockVariantSets)
[20Jun2025 08:03:43.907] [main/WARN] [mixin/]: @Mixin target juuxel.adorn.block.variant.BlockVariantSets was not found mixins.cobblemon-common.json:invoker.AdornRegisterInvoker
[20Jun2025 08:03:44.567] [main/WARN] [mixin/]: Error loading class: vazkii/quark/addons/oddities/inventory/BackpackMenu (java.lang.ClassNotFoundException: vazkii.quark.addons.oddities.inventory.BackpackMenu)
[20Jun2025 08:03:44.568] [main/WARN] [mixin/]: Error loading class: net/minecraft/client/gui/screens/inventory/CraftingScreen (java.lang.ClassNotFoundException: net.minecraft.client.gui.screens.inventory.CraftingScreen)
[20Jun2025 08:03:44.568] [main/WARN] [mixin/]: @Mixin target net.minecraft.client.gui.screens.inventory.CraftingScreen was not found fastbench.mixins.json:MixinCraftingScreen
[20Jun2025 08:03:45.368] [main/INFO] [MixinExtras|Service/]: Initializing MixinExtras via com.llamalad7.mixinextras.service.MixinExtrasServiceImpl(version=0.5.0-beta.5).
[20Jun2025 08:03:45.954] [main/INFO] [net.minecraft.server.Bootstrap/]: ModernFix reached bootstrap stage (19.85 s after launch)
[20Jun2025 08:03:46.111] [main/WARN] [mixin/]: @Final field delegatesByName:Ljava/util/Map; in modernfix-forge.mixins.json:perf.forge_registry_alloc.ForgeRegistryMixin should be final
[20Jun2025 08:03:46.111] [main/WARN] [mixin/]: @Final field delegatesByValue:Ljava/util/Map; in modernfix-forge.mixins.json:perf.forge_registry_alloc.ForgeRegistryMixin should be final
[20Jun2025 08:03:46.269] [main/INFO] [ModernFix/]: Injecting BlockStateBase cache population hook into getNeighborPathNodeType from com.abdelaziz.canary.mixin.ai.pathing.BlockStateBaseMixin
[20Jun2025 08:03:46.269] [main/INFO] [ModernFix/]: Injecting BlockStateBase cache population hook into getPathNodeType from com.abdelaziz.canary.mixin.ai.pathing.BlockStateBaseMixin
[20Jun2025 08:03:46.951] [main/INFO] [net.minecraftforge.coremod.CoreMod.placebo/COREMODLOG]: Patching IForgeItemStack#getEnchantmentLevel
[20Jun2025 08:03:46.953] [main/INFO] [net.minecraftforge.coremod.CoreMod.placebo/COREMODLOG]: Patching IForgeItemStack#getEnchantmentLevel
[20Jun2025 08:03:48.841] [main/INFO] [net.minecraft.server.Bootstrap/]: Vanilla bootstrap took 2883 milliseconds
[20Jun2025 08:03:49.577] [main/INFO] [net.minecraftforge.coremod.CoreMod.placebo/COREMODLOG]: Patching IForgeItemStack#getEnchantmentLevel
[20Jun2025 08:03:49.579] [main/INFO] [net.minecraftforge.coremod.CoreMod.placebo/COREMODLOG]: Patching IForgeItemStack#getEnchantmentLevel
[20Jun2025 08:03:51.340] [main/WARN] [mixin/]: Method overwrite conflict for scheduleRandomTick in corgilib-common.mixins.json:chunk.MixinChunkAccess, previously written by dev.corgitaco.ohthetreesyoullgrow.mixin.chunk.MixinChunkAccess. Skipping method.
[20Jun2025 08:03:51.341] [main/WARN] [mixin/]: Method overwrite conflict for getScheduledRandomTicks in corgilib-common.mixins.json:chunk.MixinChunkAccess, previously written by dev.corgitaco.ohthetreesyoullgrow.mixin.chunk.MixinChunkAccess. Skipping method.
[20Jun2025 08:03:51.365] [main/WARN] [mixin/]: @Inject(@At("INVOKE_ASSIGN")) Shift.BY=2 on refurbished_furniture.common.mixins.json:LevelChunkMixin::handler$zob000$refurbishedFurniture$AfterRemoveBlockEntity exceeds the maximum allowed value: 0. Increase the value of maxShiftBy to suppress this warning.
[20Jun2025 08:03:52.226] [main/WARN] [mixin/]: Mixin alexscaves.mixins.json:SwampHutPieceMixin has multiple constructors, (Lnet/minecraft/world/level/levelgen/structure/pieces/StructurePieceType;IIIIIILnet/minecraft/core/Direction;)V was selected

[20Jun2025 08:03:52.379] [main/ERROR] [net.minecraftforge.coremod.transformer.CoreModBaseTransformer/COREMOD]: Error occurred applying transform of coremod coremods/field_to_method.js function biome
java.lang.IllegalStateException: Field f_47437_ is not private and an instance field
	at net.minecraftforge.coremod.api.ASMAPI.redirectFieldToMethod(ASMAPI.java:1069) ~[coremods-5.2.4.jar%2354!/:?]
	at org.openjdk.nashorn.internal.scripts.Script$Recompilation$26$292A$\^eval\_.initializeCoreMod#transformer(<eval>:11) ~[?:?]
	at org.openjdk.nashorn.internal.runtime.ScriptFunctionData.invoke(ScriptFunctionData.java:648) ~[nashorn-core-15.4.jar%2366!/:?]
	at org.openjdk.nashorn.internal.runtime.ScriptFunction.invoke(ScriptFunction.java:513) ~[nashorn-core-15.4.jar%2366!/:?]
	at org.openjdk.nashorn.internal.runtime.ScriptRuntime.apply(ScriptRuntime.java:520) ~[nashorn-core-15.4.jar%2366!/:?]
	at org.openjdk.nashorn.api.scripting.ScriptObjectMirror.call(ScriptObjectMirror.java:111) ~[nashorn-core-15.4.jar%2366!/:?]
	at net.minecraftforge.coremod.NashornFactory.lambda$getFunction$0(NashornFactory.java:37) ~[coremods-5.2.4.jar%2354!/:5.2.4]
	at net.minecraftforge.coremod.transformer.CoreModClassTransformer.runCoremod(CoreModClassTransformer.java:22) ~[coremods-5.2.4.jar%2354!/:?]
	at net.minecraftforge.coremod.transformer.CoreModClassTransformer.runCoremod(CoreModClassTransformer.java:14) ~[coremods-5.2.4.jar%2354!/:?]
	at net.minecraftforge.coremod.transformer.CoreModBaseTransformer.transform(CoreModBaseTransformer.java:60) ~[coremods-5.2.4.jar%2354!/:?]
	at cpw.mods.modlauncher.TransformerHolder.transform(TransformerHolder.java:41) ~[modlauncher-10.0.9.jar%2355!/:?]
	at cpw.mods.modlauncher.ClassTransformer.performVote(ClassTransformer.java:179) ~[modlauncher-10.0.9.jar%2355!/:?]
	at cpw.mods.modlauncher.ClassTransformer.transform(ClassTransformer.java:117) ~[modlauncher-10.0.9.jar%2355!/:?]
	at cpw.mods.modlauncher.TransformingClassLoader.maybeTransformClassBytes(TransformingClassLoader.java:50) ~[modlauncher-10.0.9.jar%2355!/:?]
	at cpw.mods.cl.ModuleClassLoader.readerToClass(ModuleClassLoader.java:113) ~[securejarhandler-2.1.10.jar:?]
	at cpw.mods.cl.ModuleClassLoader.lambda$findClass$15(ModuleClassLoader.java:219) ~[securejarhandler-2.1.10.jar:?]
	at cpw.mods.cl.ModuleClassLoader.loadFromModule(ModuleClassLoader.java:229) ~[securejarhandler-2.1.10.jar:?]
	at cpw.mods.cl.ModuleClassLoader.findClass(ModuleClassLoader.java:219) ~[securejarhandler-2.1.10.jar:?]
	at cpw.mods.cl.ModuleClassLoader.loadClass(ModuleClassLoader.java:135) ~[securejarhandler-2.1.10.jar:?]
	at java.lang.ClassLoader.loadClass(ClassLoader.java:525) ~[?:?]
	at net.minecraft.world.level.biome.FixedBiomeSource.<clinit>(FixedBiomeSource.java:17) ~[server-1.20.1-20230612.114412-srg.jar%23379!/:?]
	at net.minecraft.world.level.biome.BiomeSources.m_220586_(BiomeSources.java:8) ~[server-1.20.1-20230612.114412-srg.jar%23379!/:?]
	at net.minecraft.core.registries.BuiltInRegistries.m_258029_(BuiltInRegistries.java:448) ~[server-1.20.1-20230612.114412-srg.jar%23379!/:?]
	at net.minecraft.core.registries.BuiltInRegistries.m_258037_(BuiltInRegistries.java:462) ~[server-1.20.1-20230612.114412-srg.jar%23379!/:?]
	at java.util.LinkedHashMap.forEach(LinkedHashMap.java:721) ~[?:?]
	at net.minecraft.core.registries.BuiltInRegistries.m_257453_(BuiltInRegistries.java:461) ~[server-1.20.1-20230612.114412-srg.jar%23379!/:?]
	at net.minecraft.core.registries.BuiltInRegistries.m_257498_(BuiltInRegistries.java:455) ~[server-1.20.1-20230612.114412-srg.jar%23379!/:?]
	at net.minecraft.server.Bootstrap.m_135870_(Bootstrap.java:55) ~[server-1.20.1-20230612.114412-srg.jar%23379!/:?]
	at net.minecraft.server.Main.main(Main.java:121) ~[server-1.20.1-20230612.114412-srg.jar%23379!/:?]
	at jdk.internal.reflect.NativeMethodAccessorImpl.invoke0(Native Method) ~[?:?]
	at jdk.internal.reflect.NativeMethodAccessorImpl.invoke(NativeMethodAccessorImpl.java:77) ~[?:?]
	at jdk.internal.reflect.DelegatingMethodAccessorImpl.invoke(DelegatingMethodAccessorImpl.java:43) ~[?:?]
	at java.lang.reflect.Method.invoke(Method.java:569) ~[?:?]
	at net.minecraftforge.fml.loading.targets.CommonLaunchHandler.runTarget(CommonLaunchHandler.java:111) ~[fmlloader-1.20.1-47.4.0.jar%2369!/:?]
	at net.minecraftforge.fml.loading.targets.CommonLaunchHandler.serverService(CommonLaunchHandler.java:103) ~[fmlloader-1.20.1-47.4.0.jar%2369!/:?]
	at net.minecraftforge.fml.loading.targets.CommonServerLaunchHandler.lambda$makeService$0(CommonServerLaunchHandler.java:27) ~[fmlloader-1.20.1-47.4.0.jar%2369!/:?]
	at cpw.mods.modlauncher.LaunchServiceHandlerDecorator.launch(LaunchServiceHandlerDecorator.java:30) ~[modlauncher-10.0.9.jar%2355!/:?]
	at cpw.mods.modlauncher.LaunchServiceHandler.launch(LaunchServiceHandler.java:53) ~[modlauncher-10.0.9.jar%2355!/:?]
	at cpw.mods.modlauncher.LaunchServiceHandler.launch(LaunchServiceHandler.java:71) ~[modlauncher-10.0.9.jar%2355!/:?]
	at cpw.mods.modlauncher.Launcher.run(Launcher.java:108) ~[modlauncher-10.0.9.jar%2355!/:?]
	at cpw.mods.modlauncher.Launcher.main(Launcher.java:78) ~[modlauncher-10.0.9.jar%2355!/:?]
	at cpw.mods.modlauncher.BootstrapLaunchConsumer.accept(BootstrapLaunchConsumer.java:26) ~[modlauncher-10.0.9.jar%2355!/:?]
	at cpw.mods.modlauncher.BootstrapLaunchConsumer.accept(BootstrapLaunchConsumer.java:23) ~[modlauncher-10.0.9.jar%2355!/:?]
	at cpw.mods.bootstraplauncher.BootstrapLauncher.main(BootstrapLauncher.java:141) ~[bootstraplauncher-1.1.2.jar:?]
[20Jun2025 08:03:52.382] [main/WARN] [mixin/]: Static binding violation: PRIVATE @Overwrite method m_47505_ in modernfix-common.mixins.json:perf.remove_biome_temperature_cache.BiomeMixin cannot reduce visibiliy of PUBLIC target method, visibility will be upgraded.
[20Jun2025 08:03:52.789] [main/INFO] [org.groovymc.gml.internal.ModExtensionLoader/]: Skipping extension class org.groovymc.cgl.api.extension.client.MinecraftExtensions: it requires dist CLIENT, but we're running on DEDICATED_SERVER
[20Jun2025 08:03:53.281] [modloading-worker-0/WARN] [APTweaks(Core)/]: ⚠ The log level for APTweaks(Core) is set to ALL, this will log all debug information and will cause performance issues. This is expected in a developer environment or during large-scale troubleshooting. However, rest assured, to mitigate performance concerns, the debug mode for this module has been automatically adjusted to an info level! If you require debug information, simply use the /aptweaks debug <module> command to re-enable debug mode.
[20Jun2025 08:03:53.285] [modloading-worker-0/WARN] [APTweaks(Core)/]: Adjusting log level for APTweaks(Core) from ALL to INFO, for performance reasons!
[20Jun2025 08:03:53.286] [modloading-worker-0/INFO] [APTweaks(Core)/]: Changing log level for APTweaks(Core) from ALL to INFO
[20Jun2025 08:03:53.320] [modloading-worker-0/INFO] [APTweaks(Core)/]: Register Adaptive Performance Tweaks: Core common config ...
[20Jun2025 08:03:53.380] [modloading-worker-0/INFO] [Puzzles Lib/]: Constructing common components for easyanvils:main
[20Jun2025 08:03:53.428] [modloading-worker-0/INFO] [insane96mcp.insanelib.InsaneLib/]: Found (COMMON) InsaneLib Feature class insane96mcp.insanelib.module.base.TagsFeature
[20Jun2025 08:03:53.456] [modloading-worker-0/INFO] [insane96mcp.insanelib.InsaneLib/]: Found (COMMON) InsaneLib Feature class insane96mcp.insanelib.module.base.FixesFeature
[20Jun2025 08:03:53.461] [modloading-worker-0/INFO] [insane96mcp.insanelib.InsaneLib/]: Found (COMMON) InsaneLib Feature class insane96mcp.insanelib.module.base.BaseFeature
[20Jun2025 08:03:53.554] [modloading-worker-0/INFO] [coroutil/]: forge loader environment detected
[20Jun2025 08:03:53.593] [modloading-worker-0/INFO] [Void Lib/]: Void Lib successfully started!
[20Jun2025 08:03:53.678] [modloading-worker-0/INFO] [info.u_team.u_team_core.util.verify.JarSignVerifier/]: Mod uteamcore is signed with a valid certificate.
[20Jun2025 08:03:53.763] [modloading-worker-0/INFO] [Fast Config API/]: FastConfigAPI has been initialized
[20Jun2025 08:03:53.993] [modloading-worker-0/INFO] [Puzzles Lib/]: Constructing common components for diagonalblocks:main
[20Jun2025 08:03:54.110] [modloading-worker-0/INFO] [gml/]: Initialised GML mod. Version: 4.0.11
[20Jun2025 08:03:54.286] [modloading-worker-0/INFO] [git.dragomordor.simpletms.forge.SimpleTMsMod/]: Register TM and TR list for simpletms
[20Jun2025 08:03:54.664] [modloading-worker-0/INFO] [HammerLib/]: Registered charge handler for type org.zeith.hammerlib.util.charging.fluid.FluidCharge - org.zeith.hammerlib.util.charging.impl.FluidChargeHandler@214860b6
[20Jun2025 08:03:54.667] [modloading-worker-0/INFO] [HammerLib/]: Registered charge handler for type org.zeith.hammerlib.util.charging.fe.FECharge - org.zeith.hammerlib.util.charging.impl.FEChargeHandler@6b5ed02f
[20Jun2025 08:03:54.669] [modloading-worker-0/INFO] [HammerLib/]: Registered inventory lister org.zeith.hammerlib.util.charging.impl.VanillaPlayerInvLister
[20Jun2025 08:03:54.692] [modloading-worker-0/INFO] [HammerLib/]: Hooked Lorg/zeith/hammerlib/core/test/machine/TileTestMachine; from hammerlib to register it's stuff.
[20Jun2025 08:03:54.693] [modloading-worker-0/INFO] [HammerLib/]: Hooked Lorg/zeith/hammerlib/core/test/machine/RecipeTestMachine; from hammerlib to register it's stuff.
[20Jun2025 08:03:54.695] [modloading-worker-0/INFO] [HammerLib/]: Hooked Lorg/zeith/hammerlib/core/test/machine/BlockTestMachine; from hammerlib to register it's stuff.
[20Jun2025 08:03:54.696] [modloading-worker-0/INFO] [HammerLib/]: Hooked Lorg/zeith/hammerlib/core/recipes/replacers/WaterBottleReplacer; from hammerlib to register it's stuff.
[20Jun2025 08:03:54.696] [modloading-worker-0/INFO] [HammerLib/]: Hooked Lorg/zeith/hammerlib/core/recipes/replacers/RemainingReplacerRegistrar; from hammerlib to register it's stuff.
[20Jun2025 08:03:54.697] [modloading-worker-0/INFO] [HammerLib/]: Hooked Lorg/zeith/hammerlib/core/init/SourceTypesHL; from hammerlib to register it's stuff.
[20Jun2025 08:03:54.697] [modloading-worker-0/INFO] [HammerLib/]: Hooked Lorg/zeith/hammerlib/core/init/RecipesHL; from hammerlib to register it's stuff.
[20Jun2025 08:03:54.697] [modloading-worker-0/INFO] [HammerLib/]: Hooked Lorg/zeith/hammerlib/core/init/LevelActionTypesHL; from hammerlib to register it's stuff.
[20Jun2025 08:03:54.698] [modloading-worker-0/INFO] [HammerLib/]: Hooked Lorg/zeith/hammerlib/core/init/ItemsHL; from hammerlib to register it's stuff.
[20Jun2025 08:03:54.699] [modloading-worker-0/INFO] [HammerLib/]: Hooked Lorg/zeith/hammerlib/core/init/GearsHL; from hammerlib to register it's stuff.
[20Jun2025 08:03:54.699] [modloading-worker-0/INFO] [HammerLib/]: Hooked Lorg/zeith/hammerlib/api/forge/ContainerAPI; from hammerlib to register it's stuff.
[20Jun2025 08:03:54.700] [modloading-worker-0/INFO] [HammerLib/]: Injecting setup into org.zeith.hammerlib.net.Network
[20Jun2025 08:03:54.928] [modloading-worker-0/INFO] [Cobbledex/]: Initializing Cobbledex 1.1.0...
[20Jun2025 08:03:55.024] [modloading-worker-0/INFO] [games.dragonhowl.megamons.common.Megamons/]: Initialzing Megamons ...
[20Jun2025 08:03:55.181] [modloading-worker-0/INFO] [com.cobblemon.mod.common.Cobblemon/]: Booting LaxPermissionValidator, permissions will be checked using Minecrafts permission level system, see https://minecraft.fandom.com/wiki/Permission_level
[20Jun2025 08:03:55.189] [modloading-worker-0/INFO] [com.cobblemon.mod.common.Cobblemon/]: Launching Cobblemon 1.5.2 
[20Jun2025 08:03:55.196] [modloading-worker-0/INFO] [com.cobblemon.mod.common.Cobblemon/]: Booting ForgePermissionApiPermissionValidator, player permissions will be checked using MinecraftForge' PermissionAPI, non player command sources will use Minecraft' permission level system, see https://docs.minecraftforge.net/en/latest/ and https://minecraft.fandom.com/wiki/Permission_level
[20Jun2025 08:03:55.323] [modloading-worker-0/INFO] [com.cupboard.Cupboard/]: Loaded config for: cupboard.json
[20Jun2025 08:03:55.358] [modloading-worker-0/INFO] [dev.architectury.networking.forge.NetworkManagerImpl/]: Registering C2S receiver with id architectury:sync_ids
[20Jun2025 08:03:55.356] [modloading-worker-0/INFO] [insane96mcp.insanelib.InsaneLib/]: Found (COMMON) InsaneLib Feature class insane96mcp.enhancedai.modules.witch.throwing.WitchPotionThrowing
[20Jun2025 08:03:55.361] [modloading-worker-0/INFO] [insane96mcp.insanelib.InsaneLib/]: Found (COMMON) InsaneLib Feature class insane96mcp.enhancedai.modules.witch.darkart.DarkArtWitch
[20Jun2025 08:03:55.370] [modloading-worker-0/INFO] [insane96mcp.insanelib.InsaneLib/]: Found (COMMON) InsaneLib Feature class insane96mcp.enhancedai.modules.witch.WitchFleeTarget
[20Jun2025 08:03:55.377] [modloading-worker-0/INFO] [insane96mcp.insanelib.InsaneLib/]: Found (COMMON) InsaneLib Feature class insane96mcp.enhancedai.modules.witch.ThirstyWitches
[20Jun2025 08:03:55.380] [modloading-worker-0/INFO] [insane96mcp.insanelib.InsaneLib/]: Found (COMMON) InsaneLib Feature class insane96mcp.enhancedai.modules.warden.WardenFeature
[20Jun2025 08:03:55.381] [modloading-worker-0/INFO] [insane96mcp.insanelib.InsaneLib/]: Found (COMMON) InsaneLib Feature class insane96mcp.enhancedai.modules.villager.VillagerAttacking
[20Jun2025 08:03:55.389] [modloading-worker-0/INFO] [insane96mcp.insanelib.InsaneLib/]: Found (COMMON) InsaneLib Feature class insane96mcp.enhancedai.modules.spider.webber.ThrowingWeb
[20Jun2025 08:03:55.395] [modloading-worker-0/INFO] [insane96mcp.insanelib.InsaneLib/]: Found (COMMON) InsaneLib Feature class insane96mcp.enhancedai.modules.spider.Misc
[20Jun2025 08:03:55.399] [modloading-worker-0/INFO] [insane96mcp.insanelib.InsaneLib/]: Found (COMMON) InsaneLib Feature class insane96mcp.enhancedai.modules.slime.Slimes
[20Jun2025 08:03:55.401] [modloading-worker-0/INFO] [insane96mcp.insanelib.InsaneLib/]: Found (COMMON) InsaneLib Feature class insane96mcp.enhancedai.modules.skeleton.shoot.SkeletonShoot
[20Jun2025 08:03:55.409] [modloading-worker-0/INFO] [insane96mcp.insanelib.InsaneLib/]: Found (COMMON) InsaneLib Feature class insane96mcp.enhancedai.modules.skeleton.WitherSkeletons
[20Jun2025 08:03:55.411] [modloading-worker-0/INFO] [insane96mcp.insanelib.InsaneLib/]: Found (COMMON) InsaneLib Feature class insane96mcp.enhancedai.modules.skeleton.SkeletonFleeTarget
[20Jun2025 08:03:55.412] [modloading-worker-0/INFO] [insane96mcp.insanelib.InsaneLib/]: Found (COMMON) InsaneLib Feature class insane96mcp.enhancedai.modules.shulker.shulkerattack.ShulkerAttack
[20Jun2025 08:03:55.418] [modloading-worker-0/INFO] [insane96mcp.insanelib.InsaneLib/]: Found (COMMON) InsaneLib Feature class insane96mcp.enhancedai.modules.shulker.ShulkerBullets
[20Jun2025 08:03:55.421] [modloading-worker-0/INFO] [insane96mcp.insanelib.InsaneLib/]: Found (COMMON) InsaneLib Feature class insane96mcp.enhancedai.modules.shulker.ShulkerArmor
[20Jun2025 08:03:55.422] [modloading-worker-0/INFO] [insane96mcp.insanelib.InsaneLib/]: Found (COMMON) InsaneLib Feature class insane96mcp.enhancedai.modules.pets.snowgolem.SnowGolems
[20Jun2025 08:03:55.432] [modloading-worker-0/INFO] [insane96mcp.insanelib.InsaneLib/]: Found (COMMON) InsaneLib Feature class insane96mcp.enhancedai.modules.pets.Wolves
[20Jun2025 08:03:55.439] [modloading-worker-0/INFO] [insane96mcp.insanelib.InsaneLib/]: Found (COMMON) InsaneLib Feature class insane96mcp.enhancedai.modules.pets.IronGolems
[20Jun2025 08:03:55.447] [modloading-worker-0/INFO] [insane96mcp.insanelib.InsaneLib/]: Found (COMMON) InsaneLib Feature class insane96mcp.enhancedai.modules.mobs.targeting.Targeting
[20Jun2025 08:03:55.450] [modloading-worker-0/WARN] [APTweaks(Items)/]: ⚠ The log level for APTweaks(Items) is set to ALL, this will log all debug information and will cause performance issues. This is expected in a developer environment or during large-scale troubleshooting. However, rest assured, to mitigate performance concerns, the debug mode for this module has been automatically adjusted to an info level! If you require debug information, simply use the /aptweaks debug <module> command to re-enable debug mode.
[20Jun2025 08:03:55.453] [modloading-worker-0/WARN] [APTweaks(Items)/]: Adjusting log level for APTweaks(Items) from ALL to INFO, for performance reasons!
[20Jun2025 08:03:55.453] [modloading-worker-0/INFO] [APTweaks(Core)/]: Changing log level for APTweaks(Items) from ALL to INFO
[20Jun2025 08:03:55.463] [modloading-worker-0/INFO] [APTweaks(Items)/]: Registering Adaptive Performance Tweaks: Items common config ...
[20Jun2025 08:03:55.475] [modloading-worker-0/INFO] [insane96mcp.insanelib.InsaneLib/]: Found (COMMON) InsaneLib Feature class insane96mcp.enhancedai.modules.mobs.riding.Riding
[20Jun2025 08:03:55.483] [modloading-worker-0/INFO] [insane96mcp.insanelib.InsaneLib/]: Found (COMMON) InsaneLib Feature class insane96mcp.enhancedai.modules.mobs.pearler.PearlerMobs
[20Jun2025 08:03:55.492] [modloading-worker-0/INFO] [insane96mcp.insanelib.InsaneLib/]: Found (COMMON) InsaneLib Feature class insane96mcp.enhancedai.modules.mobs.movement.Movement
[20Jun2025 08:03:55.497] [modloading-worker-0/INFO] [insane96mcp.insanelib.InsaneLib/]: Found (COMMON) InsaneLib Feature class insane96mcp.enhancedai.modules.mobs.miner.MinerMobs
[20Jun2025 08:03:55.504] [modloading-worker-0/INFO] [insane96mcp.insanelib.InsaneLib/]: Found (COMMON) InsaneLib Feature class insane96mcp.enhancedai.modules.mobs.leap.Leap
[20Jun2025 08:03:55.509] [modloading-worker-0/INFO] [insane96mcp.insanelib.InsaneLib/]: Found (COMMON) InsaneLib Feature class insane96mcp.enhancedai.modules.mobs.flee.Flee
[20Jun2025 08:03:55.516] [modloading-worker-0/INFO] [insane96mcp.insanelib.InsaneLib/]: Found (COMMON) InsaneLib Feature class insane96mcp.enhancedai.modules.mobs.fisher.FisherMobs
[20Jun2025 08:03:55.522] [modloading-worker-0/INFO] [insane96mcp.insanelib.InsaneLib/]: Found (COMMON) InsaneLib Feature class insane96mcp.enhancedai.modules.mobs.breakanger.BreakAnger
[20Jun2025 08:03:55.533] [modloading-worker-0/INFO] [insane96mcp.insanelib.InsaneLib/]: Found (COMMON) InsaneLib Feature class insane96mcp.enhancedai.modules.mobs.avoidexplosion.AvoidExplosions
[20Jun2025 08:03:55.542] [modloading-worker-0/INFO] [insane96mcp.insanelib.InsaneLib/]: Found (COMMON) InsaneLib Feature class insane96mcp.enhancedai.modules.mobs.anticheese.AntiCheese
[20Jun2025 08:03:55.552] [modloading-worker-0/INFO] [insane96mcp.insanelib.InsaneLib/]: Found (COMMON) InsaneLib Feature class insane96mcp.enhancedai.modules.mobs.WardenInteractions
[20Jun2025 08:03:55.559] [modloading-worker-0/INFO] [insane96mcp.insanelib.InsaneLib/]: Found (COMMON) InsaneLib Feature class insane96mcp.enhancedai.modules.mobs.Spawning
[20Jun2025 08:03:55.559] [modloading-worker-0/INFO] [insane96mcp.insanelib.InsaneLib/]: Found (COMMON) InsaneLib Feature class insane96mcp.enhancedai.modules.mobs.OpenDoors
[20Jun2025 08:03:55.562] [modloading-worker-0/INFO] [insane96mcp.insanelib.InsaneLib/]: Found (COMMON) InsaneLib Feature class insane96mcp.enhancedai.modules.mobs.MeleeAttacking
[20Jun2025 08:03:55.564] [modloading-worker-0/INFO] [insane96mcp.insanelib.InsaneLib/]: Found (COMMON) InsaneLib Feature class insane96mcp.enhancedai.modules.mobs.Jump
[20Jun2025 08:03:55.569] [modloading-worker-0/INFO] [insane96mcp.insanelib.InsaneLib/]: Found (COMMON) InsaneLib Feature class insane96mcp.enhancedai.modules.mobs.ItemDisruption
[20Jun2025 08:03:55.571] [modloading-worker-0/INFO] [insane96mcp.insanelib.InsaneLib/]: Found (COMMON) InsaneLib Feature class insane96mcp.enhancedai.modules.mobs.BitingMobs
[20Jun2025 08:03:55.573] [modloading-worker-0/INFO] [insane96mcp.insanelib.InsaneLib/]: Found (COMMON) InsaneLib Feature class insane96mcp.enhancedai.modules.illager.shoot.PillagerShoot
[20Jun2025 08:03:55.575] [modloading-worker-0/INFO] [insane96mcp.insanelib.InsaneLib/]: Found (COMMON) InsaneLib Feature class insane96mcp.enhancedai.modules.illager.RavagerFeature
[20Jun2025 08:03:55.576] [modloading-worker-0/INFO] [insane96mcp.insanelib.InsaneLib/]: Found (COMMON) InsaneLib Feature class insane96mcp.enhancedai.modules.illager.PillagerFleeTarget
[20Jun2025 08:03:55.580] [modloading-worker-0/INFO] [insane96mcp.insanelib.InsaneLib/]: Found (COMMON) InsaneLib Feature class insane96mcp.enhancedai.modules.ghast.GhastShoot
[20Jun2025 08:03:55.583] [modloading-worker-0/INFO] [insane96mcp.insanelib.InsaneLib/]: Found (COMMON) InsaneLib Feature class insane96mcp.enhancedai.modules.enderman.getoverhere.GetOverHere
[20Jun2025 08:03:55.587] [modloading-worker-0/INFO] [insane96mcp.insanelib.InsaneLib/]: Found (COMMON) InsaneLib Feature class insane96mcp.enhancedai.modules.drowned.DrownedSwimming
[20Jun2025 08:03:55.601] [modloading-worker-0/INFO] [insane96mcp.insanelib.InsaneLib/]: Found (COMMON) InsaneLib Feature class insane96mcp.enhancedai.modules.creeper.CreeperSwell
[20Jun2025 08:03:55.622] [modloading-worker-0/INFO] [insane96mcp.insanelib.InsaneLib/]: Found (COMMON) InsaneLib Feature class insane96mcp.enhancedai.modules.bugs.silverfish.SilverfishFeature
[20Jun2025 08:03:55.628] [modloading-worker-0/INFO] [insane96mcp.insanelib.InsaneLib/]: Found (COMMON) InsaneLib Feature class insane96mcp.enhancedai.modules.blaze.BlazeAttack
[20Jun2025 08:03:55.634] [modloading-worker-0/INFO] [insane96mcp.insanelib.InsaneLib/]: Found (COMMON) InsaneLib Feature class insane96mcp.enhancedai.modules.animal.NotTemptedAnimals
[20Jun2025 08:03:55.646] [modloading-worker-0/INFO] [insane96mcp.insanelib.InsaneLib/]: Found (COMMON) InsaneLib Feature class insane96mcp.enhancedai.modules.animal.AnimalsGroupFlee
[20Jun2025 08:03:55.657] [modloading-worker-0/INFO] [insane96mcp.insanelib.InsaneLib/]: Found (COMMON) InsaneLib Feature class insane96mcp.enhancedai.modules.animal.AnimalScaredAttack
[20Jun2025 08:03:55.737] [modloading-worker-0/INFO] [com.cobblemon.mod.common.Cobblemon/]: Starting the Best Spawner...
[20Jun2025 08:03:55.741] [modloading-worker-0/INFO] [com.cobblemon.mod.common.Cobblemon/]: Loaded 5 spawning condition types.
[20Jun2025 08:03:55.752] [modloading-worker-0/INFO] [com.cobblemon.mod.common.Cobblemon/]: Loaded 5 spawning context types.
[20Jun2025 08:03:55.763] [modloading-worker-0/INFO] [com.cobblemon.mod.common.Cobblemon/]: Loaded 1 spawn detail types.
[20Jun2025 08:03:55.900] [modloading-worker-0/INFO] [Puzzles Lib/]: Constructing common components for easymagic:main
[20Jun2025 08:03:56.102] [modloading-worker-0/INFO] [Puzzles Lib/]: Constructing common components for visualworkbench:main
[20Jun2025 08:03:56.133] [modloading-worker-0/INFO] [com.jtorleonstudios.libraryferret.LibraryFerret/]: Initialize mod Library Ferret
[20Jun2025 08:03:56.158] [modloading-worker-0/INFO] [com.jtorleonstudios.libraryferret.LibraryFerret/]: Initialized mod Library Ferret
[20Jun2025 08:03:56.169] [modloading-worker-0/INFO] [Dungeon Crawl/]: Here we go! Launching Dungeon Crawl 2.3.15...
[20Jun2025 08:03:56.305] [modloading-worker-0/INFO] [net.minecraftforge.common.ForgeMod/FORGEMOD]: Forge mod loading, version 47.4.0, for MC 1.20.1 with MCP 20230612.114412
[20Jun2025 08:03:56.307] [modloading-worker-0/INFO] [net.minecraftforge.common.MinecraftForge/FORGE]: MinecraftForge v47.4.0 Initialized
[20Jun2025 08:03:56.399] [modloading-worker-0/INFO] [libIPN/]: [libIPN] libIPN - init in Kotlin
[20Jun2025 08:03:56.681] [modloading-worker-0/INFO] [JamLib/]: Initializing JamLib on Forge
[20Jun2025 08:03:56.762] [modloading-worker-0/INFO] [JamLib/]: Updated config file at /workspaces/server1/servidor_minecraft/config/rightclickharvest.json5
[20Jun2025 08:03:56.766] [modloading-worker-0/INFO] [Right Click Harvest/]: Initializing Right Click Harvest on FORGE
[20Jun2025 08:03:57.206] [modloading-worker-0/INFO] [thedarkcolour.kotlinforforge.test.KotlinForForge/]: Kotlin For Forge Enabled!
[20Jun2025 08:03:57.238] [modloading-worker-0/INFO] [com.simibubi.create.Create/]: Create 6.0.6 initializing! Commit hash: 338bfa0aec952fa51656e8f61bd621ca9b3b2e00
[20Jun2025 08:03:57.816] [modloading-worker-0/INFO] [zeta/]: Doing super early config setup for zeta
[20Jun2025 08:03:57.865] [modloading-worker-0/INFO] [Puzzles Lib/]: Constructing common components for diagonalfences:main
[20Jun2025 08:03:57.949] [modloading-worker-0/INFO] [quark/]: Initializing TerraBlender underground biome compat
[20Jun2025 08:03:58.204] [modloading-worker-0/INFO] [MythsAndLegends/]: Items registered
[20Jun2025 08:03:58.293] [modloading-worker-0/INFO] [MythsAndLegends/]: Tick Events Registered
[20Jun2025 08:03:58.298] [modloading-worker-0/INFO] [MythsAndLegends/]: Interaction Events Registered
[20Jun2025 08:03:58.301] [modloading-worker-0/INFO] [MythsAndLegends/]: Player Events Registered
[20Jun2025 08:03:58.304] [modloading-worker-0/INFO] [quark-zeta/]: Discovered 164 modules to load.
[20Jun2025 08:03:58.306] [modloading-worker-0/INFO] [quark-zeta/]: Constructing module Abacus...
[20Jun2025 08:03:58.319] [modloading-worker-0/INFO] [quark-zeta/]: Constructing module Adjustable Chat...
[20Jun2025 08:03:58.324] [modloading-worker-0/INFO] [quark-zeta/]: Constructing module Ambient Discs...
[20Jun2025 08:03:58.326] [modloading-worker-0/INFO] [quark-zeta/]: Constructing module Ancient Tomes...
[20Jun2025 08:03:58.342] [modloading-worker-0/INFO] [quark-zeta/]: Constructing module Ancient Wood...
[20Jun2025 08:03:58.359] [modloading-worker-0/INFO] [MythsAndLegends/]: Registered all conditions
[20Jun2025 08:03:58.360] [modloading-worker-0/INFO] [quark-zeta/]: Constructing module Armed Armor Stands...
[20Jun2025 08:03:58.363] [modloading-worker-0/INFO] [quark-zeta/]: Constructing module Auto Walk Keybind...
[20Jun2025 08:03:58.364] [modloading-worker-0/INFO] [quark-zeta/]: Constructing module Automatic Recipe Unlock...
[20Jun2025 08:03:58.365] [modloading-worker-0/INFO] [quark-zeta/]: Constructing module Automatic Tool Restock...
[20Jun2025 08:03:58.370] [modloading-worker-0/INFO] [quark-zeta/]: Constructing module Azalea Wood...
[20Jun2025 08:03:58.370] [modloading-worker-0/INFO] [quark-zeta/]: Constructing module Back Button Keybind...
[20Jun2025 08:03:58.373] [modloading-worker-0/INFO] [quark-zeta/]: Constructing module Backpack...
[20Jun2025 08:03:58.382] [modloading-worker-0/INFO] [quark-zeta/]: Constructing module Beacon Redirection...
[20Jun2025 08:03:58.383] [modloading-worker-0/INFO] [quark-zeta/]: Constructing module Better Elytra Rocket...
[20Jun2025 08:03:58.384] [modloading-worker-0/INFO] [quark-zeta/]: Constructing module Big Stone Clusters...
[20Jun2025 08:03:58.397] [modloading-worker-0/INFO] [quark-zeta/]: Constructing module Blossom Trees...
[20Jun2025 08:03:58.408] [modloading-worker-0/INFO] [quark-zeta/]: Constructing module Bottled Cloud...
[20Jun2025 08:03:58.411] [modloading-worker-0/INFO] [Puzzles Lib/]: Constructing common components for puzzleslib:main
[20Jun2025 08:03:58.411] [modloading-worker-0/INFO] [quark-zeta/]: Constructing module Buckets Show Inhabitants...
[20Jun2025 08:03:58.417] [modloading-worker-0/INFO] [quark-zeta/]: Constructing module Camera...
[20Jun2025 08:03:58.421] [modloading-worker-0/INFO] [quark-zeta/]: Constructing module Campfires Boost Elytra...
[20Jun2025 08:03:58.421] [modloading-worker-0/INFO] [quark-zeta/]: Constructing module Celebratory Lamps...
[20Jun2025 08:03:58.423] [modloading-worker-0/INFO] [quark-zeta/]: Constructing module Chains Connect Blocks...
[20Jun2025 08:03:58.427] [modloading-worker-0/INFO] [quark-zeta/]: Constructing module Chest Searching...
[20Jun2025 08:03:58.428] [modloading-worker-0/INFO] [quark-zeta/]: Constructing module Chorus Vegetation...
[20Jun2025 08:03:58.433] [modloading-worker-0/INFO] [quark-zeta/]: Constructing module Chute...
[20Jun2025 08:03:58.434] [modloading-worker-0/INFO] [quark-zeta/]: Constructing module Climate Control Remover...
[20Jun2025 08:03:58.437] [modloading-worker-0/INFO] [quark-zeta/]: Constructing module Color Runes...
[20Jun2025 08:03:58.441] [modloading-worker-0/INFO] [quark-zeta/]: Constructing module Compasses Work Everywhere...
[20Jun2025 08:03:58.442] [modloading-worker-0/INFO] [quark-zeta/]: Constructing module Compressed Blocks...
[20Jun2025 08:03:58.444] [modloading-worker-0/INFO] [quark-zeta/]: Constructing module Coral On Cactus...
[20Jun2025 08:03:58.448] [modloading-worker-0/INFO] [quark-zeta/]: Constructing module Corundum...
[20Jun2025 08:03:58.488] [modloading-worker-0/INFO] [quark-zeta/]: Constructing module Crabs...
[20Jun2025 08:03:58.492] [modloading-worker-0/INFO] [quark-zeta/]: Constructing module Crafter...
[20Jun2025 08:03:58.494] [modloading-worker-0/INFO] [quark-zeta/]: Constructing module Crate...
[20Jun2025 08:03:58.498] [modloading-worker-0/INFO] [quark-zeta/]: Constructing module Diamond Repair...
[20Jun2025 08:03:58.499] [modloading-worker-0/INFO] [quark-zeta/]: Constructing module Dispensers Place Blocks...
[20Jun2025 08:03:58.500] [modloading-worker-0/INFO] [quark-zeta/]: Constructing module Double Door Opening...
[20Jun2025 08:03:58.506] [modloading-worker-0/INFO] [quark-zeta/]: Constructing module Dragon Scales...
[20Jun2025 08:03:58.508] [modloading-worker-0/INFO] [quark-zeta/]: Constructing module Duskbound Blocks...
[20Jun2025 08:03:58.509] [modloading-worker-0/INFO] [quark-zeta/]: Constructing module Dyeable Item Frames...
[20Jun2025 08:03:58.514] [modloading-worker-0/INFO] [quark-zeta/]: Constructing module Easy Transfering...
[20Jun2025 08:03:58.514] [modloading-worker-0/INFO] [quark-zeta/]: Constructing module Elytra Indicator...
[20Jun2025 08:03:58.514] [modloading-worker-0/INFO] [quark-zeta/]: Constructing module Emotes...
[20Jun2025 08:03:58.515] [modloading-worker-0/INFO] [quark-zeta/]: Constructing module Enchantment Predicates...
[20Jun2025 08:03:58.515] [modloading-worker-0/INFO] [quark-zeta/]: Constructing module Enchantments Begone...
[20Jun2025 08:03:58.516] [modloading-worker-0/INFO] [quark-zeta/]: Constructing module Ender Watcher...
[20Jun2025 08:03:58.519] [modloading-worker-0/INFO] [quark-zeta/]: Constructing module Endermosh Music Disc...
[20Jun2025 08:03:58.522] [modloading-worker-0/INFO] [quark-zeta/]: Constructing module Enhanced Ladders...
[20Jun2025 08:03:58.524] [modloading-worker-0/INFO] [quark-zeta/]: Constructing module Expanded Item Interactions...
[20Jun2025 08:03:58.526] [modloading-worker-0/INFO] [quark-zeta/]: Constructing module Fairy Rings...
[20Jun2025 08:03:58.529] [modloading-worker-0/INFO] [quark-zeta/]: Constructing module Fallen Logs...
[20Jun2025 08:03:58.531] [modloading-worker-0/INFO] [quark-zeta/]: Constructing module Feeding Trough...
[20Jun2025 08:03:58.535] [modloading-worker-0/INFO] [quark-zeta/]: Constructing module Forgotten...
[20Jun2025 08:03:58.546] [modloading-worker-0/INFO] [quark-zeta/]: Constructing module Foxhound...
[20Jun2025 08:03:58.547] [modloading-worker-0/INFO] [quark-zeta/]: Constructing module Framed Glass...
[20Jun2025 08:03:58.550] [modloading-worker-0/INFO] [quark-zeta/]: Constructing module Game Nerfs...
[20Jun2025 08:03:58.550] [modloading-worker-0/INFO] [quark-zeta/]: Constructing module Glass Item Frame...
[20Jun2025 08:03:58.554] [modloading-worker-0/INFO] [quark-zeta/]: Constructing module Glass Shard...
[20Jun2025 08:03:58.557] [modloading-worker-0/INFO] [quark-zeta/]: Constructing module Glimmering Weald...
[20Jun2025 08:03:58.577] [modloading-worker-0/INFO] [quark-zeta/]: Constructing module Gold Bars...
[20Jun2025 08:03:58.583] [modloading-worker-0/INFO] [quark-zeta/]: Constructing module Gold Tools Have Fortune...
[20Jun2025 08:03:58.585] [modloading-worker-0/INFO] [quark-zeta/]: Constructing module Grab Chickens...
[20Jun2025 08:03:58.588] [modloading-worker-0/INFO] [wan_ancient_beasts/]: Welcome to Wan Ancient Beasts Mod [1.2.1 for 1.20.1]
[20Jun2025 08:03:58.588] [modloading-worker-0/INFO] [quark-zeta/]: Constructing module Grate...
[20Jun2025 08:03:58.595] [modloading-worker-0/INFO] [quark-zeta/]: Constructing module Gravisand...
[20Jun2025 08:03:58.599] [modloading-worker-0/INFO] [quark-zeta/]: Constructing module Greener Grass...
[20Jun2025 08:03:58.601] [modloading-worker-0/INFO] [quark-zeta/]: Constructing module Hedges...
[20Jun2025 08:03:58.606] [modloading-worker-0/INFO] [quark-zeta/]: Constructing module Hoe Harvesting...
[20Jun2025 08:03:58.607] [modloading-worker-0/INFO] [quark-zeta/]: Constructing module Hollow Logs...
[20Jun2025 08:03:58.610] [modloading-worker-0/INFO] [quark-zeta/]: Constructing module Horses Swim...
[20Jun2025 08:03:58.611] [modloading-worker-0/INFO] [quark-zeta/]: Constructing module Hotbar Changer...
[20Jun2025 08:03:58.612] [modloading-worker-0/INFO] [quark-zeta/]: Constructing module Improved Sponges...
[20Jun2025 08:03:58.613] [modloading-worker-0/INFO] [quark-zeta/]: Constructing module Improved Tooltips...
[20Jun2025 08:03:58.614] [modloading-worker-0/INFO] [quark-zeta/]: Constructing module Industrial Palette...
[20Jun2025 08:03:58.618] [modloading-worker-0/INFO] [quark-zeta/]: Constructing module Inventory Sorting...
[20Jun2025 08:03:58.618] [modloading-worker-0/INFO] [quark-zeta/]: Constructing module Iron Rod...
[20Jun2025 08:03:58.626] [modloading-worker-0/INFO] [quark-zeta/]: Constructing module Item Sharing...
[20Jun2025 08:03:58.628] [modloading-worker-0/INFO] [quark-zeta/]: Constructing module Japanese Palette...
[20Jun2025 08:03:58.628] [modloading-worker-0/INFO] [quark-zeta/]: Constructing module Leaf Carpet...
[20Jun2025 08:03:58.629] [modloading-worker-0/INFO] [quark-zeta/]: Constructing module Lock Rotation...
[20Jun2025 08:03:58.629] [modloading-worker-0/INFO] [quark-zeta/]: Constructing module Long Range Pick Block...
[20Jun2025 08:03:58.629] [modloading-worker-0/INFO] [quark-zeta/]: Constructing module Magma Keeps Concrete Powder...
[20Jun2025 08:03:58.630] [modloading-worker-0/INFO] [quark-zeta/]: Constructing module Magnets...
[20Jun2025 08:03:58.637] [modloading-worker-0/INFO] [quark-zeta/]: Constructing module Map Washing...
[20Jun2025 08:03:58.638] [modloading-worker-0/INFO] [quark-zeta/]: Constructing module Matrix Enchanting...
[20Jun2025 08:03:58.655] [modloading-worker-0/INFO] [quark-zeta/]: Constructing module Metal Buttons...
[20Jun2025 08:03:58.657] [modloading-worker-0/INFO] [quark-zeta/]: Constructing module Microcrafting Helper...
[20Jun2025 08:03:58.658] [modloading-worker-0/INFO] [quark-zeta/]: Constructing module Midori...
[20Jun2025 08:03:58.663] [modloading-worker-0/INFO] [quark-zeta/]: Constructing module Monster Box...
[20Jun2025 08:03:58.665] [modloading-worker-0/INFO] [quark-zeta/]: Constructing module More Banner Layers...
[20Jun2025 08:03:58.666] [modloading-worker-0/INFO] [quark-zeta/]: Constructing module More Brick Types...
[20Jun2025 08:03:58.666] [modloading-worker-0/INFO] [quark-zeta/]: Constructing module More Mud Blocks...
[20Jun2025 08:03:58.667] [modloading-worker-0/INFO] [quark-zeta/]: Constructing module More Note Block Sounds...
[20Jun2025 08:03:58.669] [modloading-worker-0/INFO] [quark-zeta/]: Constructing module More Potted Plants...
[20Jun2025 08:03:58.672] [modloading-worker-0/INFO] [quark-zeta/]: Constructing module More Villagers...
[20Jun2025 08:03:58.672] [modloading-worker-0/INFO] [quark-zeta/]: Constructing module Narrator Readout...
[20Jun2025 08:03:58.673] [modloading-worker-0/INFO] [quark-zeta/]: Constructing module Nether Brick Fence Gate...
[20Jun2025 08:03:58.674] [modloading-worker-0/INFO] [quark-zeta/]: Constructing module Nether Obsidian Spikes...
[20Jun2025 08:03:58.676] [modloading-worker-0/INFO] [quark-zeta/]: Constructing module New Stone Types...
[20Jun2025 08:03:58.682] [modloading-worker-0/INFO] [quark-zeta/]: Constructing module No Durability On Cosmetics...
[20Jun2025 08:03:58.682] [modloading-worker-0/INFO] [quark-zeta/]: Constructing module No More Lava Pockets...
[20Jun2025 08:03:58.685] [modloading-worker-0/INFO] [quark-zeta/]: Constructing module Obsidian Plate...
[20Jun2025 08:03:58.687] [modloading-worker-0/INFO] [quark-zeta/]: Constructing module Overlay Shader...
[20Jun2025 08:03:58.688] [modloading-worker-0/INFO] [quark-zeta/]: Constructing module Parrot Eggs...
[20Jun2025 08:03:58.689] [modloading-worker-0/INFO] [quark-zeta/]: Constructing module Pat The Dogs...
[20Jun2025 08:03:58.694] [modloading-worker-0/INFO] [quark-zeta/]: Constructing module Pathfinder Maps...
[20Jun2025 08:03:58.699] [modloading-worker-0/INFO] [quark-zeta/]: Constructing module Permafrost...
[20Jun2025 08:03:58.702] [modloading-worker-0/INFO] [quark-zeta/]: Constructing module Petals On Water...
[20Jun2025 08:03:58.706] [modloading-worker-0/INFO] [quark-zeta/]: Constructing module Pickarang...
[20Jun2025 08:03:58.710] [modloading-worker-0/INFO] [quark-zeta/]: Constructing module Pig Litters...
[20Jun2025 08:03:58.713] [modloading-worker-0/INFO] [quark-zeta/]: Constructing module Pipes...
[20Jun2025 08:03:58.722] [modloading-worker-0/INFO] [quark-zeta/]: Constructing module Pistons Move Tile Entities...
[20Jun2025 08:03:58.724] [modloading-worker-0/INFO] [quark-zeta/]: Constructing module Poison Potato Usage...
[20Jun2025 08:03:58.725] [modloading-worker-0/INFO] [quark-zeta/]: Constructing module Quick Armor Swapping...
[20Jun2025 08:03:58.725] [modloading-worker-0/INFO] [quark-zeta/]: Constructing module Rainbow Lamps...
[20Jun2025 08:03:58.726] [modloading-worker-0/INFO] [quark-zeta/]: Constructing module Raw Metal Bricks...
[20Jun2025 08:03:58.727] [modloading-worker-0/INFO] [quark-zeta/]: Constructing module Reacharound Placing...
[20Jun2025 08:03:58.732] [modloading-worker-0/INFO] [quark-zeta/]: Constructing module Redstone Randomizer...
[20Jun2025 08:03:58.736] [modloading-worker-0/INFO] [quark-zeta/]: Constructing module Renewable Spore Blossoms...
[20Jun2025 08:03:58.737] [modloading-worker-0/INFO] [quark-zeta/]: Constructing module Replace Scaffolding...
[20Jun2025 08:03:58.738] [modloading-worker-0/INFO] [quark-zeta/]: Constructing module Rope...
[20Jun2025 08:03:58.742] [modloading-worker-0/INFO] [quark-zeta/]: Constructing module Safer Creatures...
[20Jun2025 08:03:58.743] [modloading-worker-0/INFO] [quark-zeta/]: Constructing module Seed Pouch...
[20Jun2025 08:03:58.748] [modloading-worker-0/INFO] [quark-zeta/]: Constructing module Shear Vines...
[20Jun2025 08:03:58.758] [modloading-worker-0/INFO] [quark-zeta/]: Constructing module Shiba...
[20Jun2025 08:03:58.759] [modloading-worker-0/INFO] [quark-zeta/]: Constructing module Shingles...
[20Jun2025 08:03:58.759] [modloading-worker-0/INFO] [quark-zeta/]: Constructing module Shulker Packing...
[20Jun2025 08:03:58.764] [modloading-worker-0/INFO] [quark-zeta/]: Constructing module Simple Harvest...
[20Jun2025 08:03:58.769] [modloading-worker-0/INFO] [quark-zeta/]: Constructing module Skull Pikes...
[20Jun2025 08:03:58.777] [modloading-worker-0/INFO] [quark-zeta/]: Constructing module Slabs To Blocks...
[20Jun2025 08:03:58.780] [modloading-worker-0/INFO] [quark-zeta/]: Constructing module Slime In A Bucket...
[20Jun2025 08:03:58.791] [modloading-worker-0/INFO] [quark-zeta/]: Constructing module Slimes To Magma Cubes...
[20Jun2025 08:03:58.795] [modloading-worker-0/INFO] [quark-zeta/]: Constructing module Snow Golem Player Heads...
[20Jun2025 08:03:58.808] [modloading-worker-0/INFO] [quark-zeta/]: Constructing module Soul Candles...
[20Jun2025 08:03:58.808] [modloading-worker-0/INFO] [quark-zeta/]: Constructing module Soul Sandstone...
[20Jun2025 08:03:58.809] [modloading-worker-0/INFO] [quark-zeta/]: Constructing module Spawner Replacer...
[20Jun2025 08:03:58.810] [modloading-worker-0/INFO] [quark-zeta/]: Constructing module Spiral Spires...
[20Jun2025 08:03:58.815] [modloading-worker-0/INFO] [quark-zeta/]: Constructing module Stonelings...
[20Jun2025 08:03:58.819] [modloading-worker-0/INFO] [quark-zeta/]: Constructing module Stools...
[20Jun2025 08:03:58.821] [modloading-worker-0/INFO] [quark-zeta/]: Constructing module Sturdy Stone...
[20Jun2025 08:03:58.822] [modloading-worker-0/INFO] [quark-zeta/]: Constructing module Thatch...
[20Jun2025 08:03:58.829] [modloading-worker-0/INFO] [quark-zeta/]: Constructing module Tiny Potato...
[20Jun2025 08:03:58.834] [modloading-worker-0/INFO] [quark-zeta/]: Constructing module Torch Arrow...
[20Jun2025 08:03:58.837] [modloading-worker-0/INFO] [quark-zeta/]: Constructing module Toretoise...
[20Jun2025 08:03:58.837] [modloading-worker-0/INFO] [quark-zeta/]: Constructing module Totem Of Holding...
[20Jun2025 08:03:58.845] [modloading-worker-0/INFO] [quark-zeta/]: Constructing module Trowel...
[20Jun2025 08:03:58.848] [modloading-worker-0/INFO] [quark-zeta/]: Constructing module Usage Ticker...
[20Jun2025 08:03:58.850] [modloading-worker-0/INFO] [quark-zeta/]: Constructing module Uses For Curses...
[20Jun2025 08:03:58.851] [modloading-worker-0/INFO] [quark-zeta/]: Constructing module Utility Recipes...
[20Jun2025 08:03:58.852] [modloading-worker-0/INFO] [quark-zeta/]: Constructing module Variant Animal Textures...
[20Jun2025 08:03:58.854] [modloading-worker-0/INFO] [quark-zeta/]: Constructing module Variant Bookshelves...
[20Jun2025 08:03:58.854] [modloading-worker-0/INFO] [quark-zeta/]: Constructing module Variant Chests...
[20Jun2025 08:03:58.870] [modloading-worker-0/INFO] [quark-zeta/]: Constructing module Variant Furnaces...
[20Jun2025 08:03:58.878] [modloading-worker-0/INFO] [quark-zeta/]: Constructing module Variant Ladders...
[20Jun2025 08:03:58.879] [modloading-worker-0/INFO] [quark-zeta/]: Constructing module Variant Selector...
[20Jun2025 08:03:58.881] [modloading-worker-0/INFO] [quark-zeta/]: Constructing module Vertical Planks...
[20Jun2025 08:03:58.882] [modloading-worker-0/INFO] [quark-zeta/]: Constructing module Vertical Slabs...
[20Jun2025 08:03:58.902] [modloading-worker-0/INFO] [quark-zeta/]: Constructing module Vexes Die With Their Masters...
[20Jun2025 08:03:58.903] [modloading-worker-0/INFO] [quark-zeta/]: Constructing module Villager Rerolling Rework...
[20Jun2025 08:03:58.905] [modloading-worker-0/INFO] [quark-zeta/]: Constructing module Villagers Follow Emeralds...
[20Jun2025 08:03:58.907] [modloading-worker-0/INFO] [quark-zeta/]: Constructing module Wooden Posts...
[20Jun2025 08:03:58.909] [modloading-worker-0/INFO] [quark-zeta/]: Constructing module Wool Shuts Up Minecarts...
[20Jun2025 08:03:58.912] [modloading-worker-0/INFO] [quark-zeta/]: Constructing module Wraith...
[20Jun2025 08:03:58.913] [modloading-worker-0/INFO] [quark-zeta/]: Constructing module Zombie Villagers On Normal...
[20Jun2025 08:03:58.916] [modloading-worker-0/INFO] [quark-zeta/]: Constructing module More Stone Variants...
[20Jun2025 08:03:58.918] [modloading-worker-0/INFO] [quark-zeta/]: Constructed 164 modules.
[20Jun2025 08:03:59.081] [modloading-worker-0/INFO] [quark-zeta/]: Doing super early config setup for quark
[20Jun2025 08:04:01.248] [main/WARN] [net.minecraftforge.registries.ForgeRegistry/REGISTRIES]: Registry minecraft:sound_event: The object net.minecraft.sounds.SoundEvent@649b0336 has been registered twice for the same name treechop:chop_wood.
[20Jun2025 08:04:02.869] [main/INFO] [Diagonal Blocks/]: Constructing shapes for ForgeDiagonalFenceBlock[NodeWidth=2.0,ExtensionWidth=2.0,NodeTop=24.0,ExtensionBottom=0.0,ExtensionTop=24.0] took 31ms
[20Jun2025 08:04:02.902] [main/INFO] [Diagonal Blocks/]: Constructing shapes for ForgeDiagonalFenceBlock[NodeWidth=2.0,ExtensionWidth=2.0,NodeTop=16.0,ExtensionBottom=0.0,ExtensionTop=16.0] took 29ms
[20Jun2025 08:04:02.984] [main/INFO] [Diagonal Blocks/]: Constructing shapes for ForgeDiagonalFenceBlock[NodeWidth=2.0,ExtensionWidth=1.0,NodeTop=16.0,ExtensionBottom=6.0,ExtensionTop=15.0] took 75ms
[20Jun2025 08:04:06.370] [main/WARN] [Moonlight/]: Failed to find custom wood type biomesoplenty:red_maple
[20Jun2025 08:04:06.371] [main/WARN] [Moonlight/]: Failed to find custom wood type biomesoplenty:orange_maple
[20Jun2025 08:04:06.371] [main/WARN] [Moonlight/]: Failed to find custom wood type biomesoplenty:yellow_maple
[20Jun2025 08:04:06.388] [main/INFO] [Moonlight/]: Initialized block sets in 33ms
[20Jun2025 08:04:06.842] [main/INFO] [ModernFix/]: Bypassed Mojang DFU
[20Jun2025 08:04:06.842] [main/INFO] [ModernFix/]: Instantiating Mojang DFU
[20Jun2025 08:04:07.974] [main/WARN] [net.minecraft.network.syncher.SynchedEntityData/]: defineId called for: class forge.net.mca.entity.VillagerEntityMCA from class forge.net.mca.util.network.datasync.CDataParameter
[20Jun2025 08:04:07.974] [main/WARN] [net.minecraft.network.syncher.SynchedEntityData/]: defineId called for: class forge.net.mca.entity.VillagerEntityMCA from class forge.net.mca.util.network.datasync.CDataParameter
[20Jun2025 08:04:07.974] [main/WARN] [net.minecraft.network.syncher.SynchedEntityData/]: defineId called for: class forge.net.mca.entity.VillagerEntityMCA from class forge.net.mca.util.network.datasync.CDataParameter
[20Jun2025 08:04:07.974] [main/WARN] [net.minecraft.network.syncher.SynchedEntityData/]: defineId called for: class forge.net.mca.entity.VillagerEntityMCA from class forge.net.mca.util.network.datasync.CDataParameter
[20Jun2025 08:04:07.975] [main/WARN] [net.minecraft.network.syncher.SynchedEntityData/]: defineId called for: class forge.net.mca.entity.VillagerEntityMCA from class forge.net.mca.util.network.datasync.CDataParameter
[20Jun2025 08:04:07.975] [main/WARN] [net.minecraft.network.syncher.SynchedEntityData/]: defineId called for: class forge.net.mca.entity.VillagerEntityMCA from class forge.net.mca.util.network.datasync.CDataParameter
[20Jun2025 08:04:07.975] [main/WARN] [net.minecraft.network.syncher.SynchedEntityData/]: defineId called for: class forge.net.mca.entity.VillagerEntityMCA from class forge.net.mca.util.network.datasync.CDataParameter
[20Jun2025 08:04:07.975] [main/WARN] [net.minecraft.network.syncher.SynchedEntityData/]: defineId called for: class forge.net.mca.entity.VillagerEntityMCA from class forge.net.mca.util.network.datasync.CEnumParameter
[20Jun2025 08:04:07.977] [main/WARN] [net.minecraft.network.syncher.SynchedEntityData/]: defineId called for: class forge.net.mca.entity.VillagerEntityMCA from class forge.net.mca.util.network.datasync.CDataParameter
[20Jun2025 08:04:07.977] [main/WARN] [net.minecraft.network.syncher.SynchedEntityData/]: defineId called for: class forge.net.mca.entity.VillagerEntityMCA from class forge.net.mca.util.network.datasync.CDataParameter
[20Jun2025 08:04:07.977] [main/WARN] [net.minecraft.network.syncher.SynchedEntityData/]: defineId called for: class forge.net.mca.entity.VillagerEntityMCA from class forge.net.mca.util.network.datasync.CDataParameter
[20Jun2025 08:04:07.977] [main/WARN] [net.minecraft.network.syncher.SynchedEntityData/]: defineId called for: class forge.net.mca.entity.VillagerEntityMCA from class forge.net.mca.util.network.datasync.CDataParameter
[20Jun2025 08:04:07.977] [main/WARN] [net.minecraft.network.syncher.SynchedEntityData/]: defineId called for: class forge.net.mca.entity.VillagerEntityMCA from class forge.net.mca.util.network.datasync.CDataParameter
[20Jun2025 08:04:07.977] [main/WARN] [net.minecraft.network.syncher.SynchedEntityData/]: defineId called for: class forge.net.mca.entity.VillagerEntityMCA from class forge.net.mca.util.network.datasync.CDataParameter
[20Jun2025 08:04:07.977] [main/WARN] [net.minecraft.network.syncher.SynchedEntityData/]: defineId called for: class forge.net.mca.entity.VillagerEntityMCA from class forge.net.mca.util.network.datasync.CDataParameter
[20Jun2025 08:04:07.977] [main/WARN] [net.minecraft.network.syncher.SynchedEntityData/]: defineId called for: class forge.net.mca.entity.VillagerEntityMCA from class forge.net.mca.util.network.datasync.CDataParameter
[20Jun2025 08:04:07.978] [main/WARN] [net.minecraft.network.syncher.SynchedEntityData/]: defineId called for: class forge.net.mca.entity.VillagerEntityMCA from class forge.net.mca.util.network.datasync.CDataParameter
[20Jun2025 08:04:07.978] [main/WARN] [net.minecraft.network.syncher.SynchedEntityData/]: defineId called for: class forge.net.mca.entity.VillagerEntityMCA from class forge.net.mca.util.network.datasync.CDataParameter
[20Jun2025 08:04:07.978] [main/WARN] [net.minecraft.network.syncher.SynchedEntityData/]: defineId called for: class forge.net.mca.entity.VillagerEntityMCA from class forge.net.mca.util.network.datasync.CDataParameter
[20Jun2025 08:04:07.978] [main/WARN] [net.minecraft.network.syncher.SynchedEntityData/]: defineId called for: class forge.net.mca.entity.VillagerEntityMCA from class forge.net.mca.util.network.datasync.CEnumParameter
[20Jun2025 08:04:07.978] [main/WARN] [net.minecraft.network.syncher.SynchedEntityData/]: defineId called for: class forge.net.mca.entity.VillagerEntityMCA from class forge.net.mca.util.network.datasync.CDataParameter
[20Jun2025 08:04:07.982] [main/WARN] [net.minecraft.network.syncher.SynchedEntityData/]: defineId called for: class forge.net.mca.entity.VillagerEntityMCA from class forge.net.mca.util.network.datasync.CDataParameter
[20Jun2025 08:04:07.982] [main/WARN] [net.minecraft.network.syncher.SynchedEntityData/]: defineId called for: class forge.net.mca.entity.VillagerEntityMCA from class forge.net.mca.util.network.datasync.CEnumParameter
[20Jun2025 08:04:07.982] [main/WARN] [net.minecraft.network.syncher.SynchedEntityData/]: defineId called for: class forge.net.mca.entity.VillagerEntityMCA from class forge.net.mca.util.network.datasync.CDataParameter
[20Jun2025 08:04:07.982] [main/WARN] [net.minecraft.network.syncher.SynchedEntityData/]: defineId called for: class forge.net.mca.entity.VillagerEntityMCA from class forge.net.mca.util.network.datasync.CEnumParameter
[20Jun2025 08:04:07.982] [main/WARN] [net.minecraft.network.syncher.SynchedEntityData/]: defineId called for: class forge.net.mca.entity.VillagerEntityMCA from class forge.net.mca.util.network.datasync.CEnumParameter
[20Jun2025 08:04:07.983] [main/WARN] [net.minecraft.network.syncher.SynchedEntityData/]: defineId called for: class forge.net.mca.entity.VillagerEntityMCA from class forge.net.mca.util.network.datasync.CDataParameter
[20Jun2025 08:04:07.983] [main/WARN] [net.minecraft.network.syncher.SynchedEntityData/]: defineId called for: class forge.net.mca.entity.VillagerEntityMCA from class forge.net.mca.util.network.datasync.CDataParameter
[20Jun2025 08:04:07.983] [main/WARN] [net.minecraft.network.syncher.SynchedEntityData/]: defineId called for: class forge.net.mca.entity.VillagerEntityMCA from class forge.net.mca.util.network.datasync.CDataParameter
[20Jun2025 08:04:07.983] [main/WARN] [net.minecraft.network.syncher.SynchedEntityData/]: defineId called for: class forge.net.mca.entity.VillagerEntityMCA from class forge.net.mca.util.network.datasync.CDataParameter
[20Jun2025 08:04:07.983] [main/WARN] [net.minecraft.network.syncher.SynchedEntityData/]: defineId called for: class forge.net.mca.entity.VillagerEntityMCA from class forge.net.mca.util.network.datasync.CDataParameter
[20Jun2025 08:04:07.985] [main/WARN] [net.minecraft.network.syncher.SynchedEntityData/]: defineId called for: class forge.net.mca.entity.VillagerEntityMCA from class forge.net.mca.util.network.datasync.CDataParameter
[20Jun2025 08:04:07.990] [main/WARN] [net.minecraft.network.syncher.SynchedEntityData/]: defineId called for: class forge.net.mca.entity.VillagerEntityMCA from class forge.net.mca.util.network.datasync.CDataParameter
[20Jun2025 08:04:07.990] [main/WARN] [net.minecraft.network.syncher.SynchedEntityData/]: defineId called for: class forge.net.mca.entity.VillagerEntityMCA from class forge.net.mca.util.network.datasync.CDataParameter
[20Jun2025 08:04:07.991] [main/WARN] [net.minecraft.network.syncher.SynchedEntityData/]: defineId called for: class forge.net.mca.entity.VillagerEntityMCA from class forge.net.mca.util.network.datasync.CDataParameter
[20Jun2025 08:04:07.991] [main/WARN] [net.minecraft.network.syncher.SynchedEntityData/]: defineId called for: class forge.net.mca.entity.VillagerEntityMCA from class forge.net.mca.util.network.datasync.CDataParameter
[20Jun2025 08:04:07.992] [main/WARN] [net.minecraft.network.syncher.SynchedEntityData/]: defineId called for: class forge.net.mca.entity.VillagerEntityMCA from class forge.net.mca.util.network.datasync.CDataParameter
[20Jun2025 08:04:07.992] [main/WARN] [net.minecraft.network.syncher.SynchedEntityData/]: defineId called for: class forge.net.mca.entity.GrimReaperEntity from class forge.net.mca.util.network.datasync.CEnumParameter
[20Jun2025 08:04:08.028] [main/WARN] [net.minecraft.network.syncher.SynchedEntityData/]: defineId called for: class com.github.alexmodguy.alexscaves.server.entity.living.TremorzillaEntity from class com.github.alexmodguy.alexscaves.server.entity.living.LicowitchEntity
[20Jun2025 08:04:08.047] [main/WARN] [net.minecraft.network.syncher.SynchedEntityData/]: defineId called for: class net.miauczel.legendary_monsters.entity.custom.Cloud_GolemEntity from class net.miauczel.legendary_monsters.entity.AnimatedMonster.OriginClasses.IAnimatedBoss
[20Jun2025 08:04:08.048] [main/WARN] [net.minecraft.network.syncher.SynchedEntityData/]: defineId called for: class net.miauczel.legendary_monsters.entity.custom.Cloud_GolemEntity from class net.miauczel.legendary_monsters.entity.AnimatedMonster.OriginClasses.IAnimatedBoss
[20Jun2025 08:04:08.048] [main/WARN] [net.minecraft.network.syncher.SynchedEntityData/]: defineId called for: class net.miauczel.legendary_monsters.entity.custom.Cloud_GolemEntity from class net.miauczel.legendary_monsters.entity.AnimatedMonster.OriginClasses.IAnimatedBoss
[20Jun2025 08:04:08.050] [main/WARN] [net.minecraft.network.syncher.SynchedEntityData/]: defineId called for: class net.miauczel.legendary_monsters.entity.custom.Shulker_MimicEntity from class net.miauczel.legendary_monsters.entity.custom.OldShulkerMimic
[20Jun2025 08:04:08.394] [Thread-0/INFO] [ModernFix/]: Please use /mfsrc to reload any changed mod config files
[20Jun2025 08:04:08.412] [main/WARN] [net.minecraftforge.common.ForgeConfigSpec/CORE]: Configuration file /workspaces/server1/servidor_minecraft/config/cataclysm.toml is not correct. Correcting
[20Jun2025 08:04:08.412] [main/WARN] [net.minecraftforge.common.ForgeConfigSpec/CORE]: Incorrect key Etc.setThirdPerson(on/off) was corrected from null to its default, true. 
[20Jun2025 08:04:08.412] [main/WARN] [net.minecraftforge.common.ForgeConfigSpec/CORE]: Incorrect key Etc.setFirstPerson(on/off) was corrected from null to its default, true. 
[20Jun2025 08:04:08.413] [main/WARN] [net.minecraftforge.common.ForgeConfigSpec/CORE]: Incorrect key Weapon.Ceraunus 's Lightning Storm Damage was corrected from null to its default, 6.0. 
[20Jun2025 08:04:08.413] [main/WARN] [net.minecraftforge.common.ForgeConfigSpec/CORE]: Incorrect key Weapon.Ceraunus's Wave Damage' was corrected from null to its default, 6.0. 
[20Jun2025 08:04:08.413] [main/WARN] [net.minecraftforge.common.ForgeConfigSpec/CORE]: Incorrect key Weapon.Ceraunus Cooldown was corrected from null to its default, 150. 
[20Jun2025 08:04:08.413] [main/WARN] [net.minecraftforge.common.ForgeConfigSpec/CORE]: Incorrect key Weapon.Astrape's Lightning Spear Damage was corrected from null to its default, 11.0. 
[20Jun2025 08:04:08.413] [main/WARN] [net.minecraftforge.common.ForgeConfigSpec/CORE]: Incorrect key Weapon.Astrape's Area Damage' was corrected from null to its default, 2.0. 
[20Jun2025 08:04:08.413] [main/WARN] [net.minecraftforge.common.ForgeConfigSpec/CORE]: Incorrect key Weapon.Astrape Cooldown was corrected from null to its default, 80. 
[20Jun2025 08:04:08.415] [main/WARN] [net.minecraftforge.common.ForgeConfigSpec/CORE]: Incorrect key Clawdian was corrected from null to its default, SimpleCommentedConfig:{}. 
[20Jun2025 08:04:08.415] [main/WARN] [net.minecraftforge.common.ForgeConfigSpec/CORE]: Incorrect key Clawdian.ClawdianHealthMultiplier was corrected from null to its default, 1.0. 
[20Jun2025 08:04:08.415] [main/WARN] [net.minecraftforge.common.ForgeConfigSpec/CORE]: Incorrect key Clawdian.ClawdianDamageMultiplier was corrected from null to its default, 1.0. 
[20Jun2025 08:04:08.416] [main/WARN] [net.minecraftforge.common.ForgeConfigSpec/CORE]: Incorrect key Scylla was corrected from null to its default, SimpleCommentedConfig:{}. 
[20Jun2025 08:04:08.416] [main/WARN] [net.minecraftforge.common.ForgeConfigSpec/CORE]: Incorrect key Scylla.ScyllaHealthMultiplier was corrected from null to its default, 1.0. 
[20Jun2025 08:04:08.417] [main/WARN] [net.minecraftforge.common.ForgeConfigSpec/CORE]: Incorrect key Scylla.ScyllaDamageMultiplier was corrected from null to its default, 1.0. 
[20Jun2025 08:04:08.417] [main/WARN] [net.minecraftforge.common.ForgeConfigSpec/CORE]: Incorrect key Scylla.Scylla's prevent attacks from far away Range was corrected from null to its default, 12.0. 
[20Jun2025 08:04:08.417] [main/WARN] [net.minecraftforge.common.ForgeConfigSpec/CORE]: Incorrect key Scylla.Scylla's Spear Damage was corrected from null to its default, 14.0. 
[20Jun2025 08:04:08.417] [main/WARN] [net.minecraftforge.common.ForgeConfigSpec/CORE]: Incorrect key Scylla.Scylla's Lightning Storm was corrected from null to its default, 10.0. 
[20Jun2025 08:04:08.417] [main/WARN] [net.minecraftforge.common.ForgeConfigSpec/CORE]: Incorrect key Scylla.Scylla's Lightning Area was corrected from null to its default, 4.0. 
[20Jun2025 08:04:08.417] [main/WARN] [net.minecraftforge.common.ForgeConfigSpec/CORE]: Incorrect key Scylla.Scylla's Snake Damage was corrected from null to its default, 16.0. 
[20Jun2025 08:04:08.417] [main/WARN] [net.minecraftforge.common.ForgeConfigSpec/CORE]: Incorrect key Scylla.Scylla's Anchor Damage was corrected from null to its default, 16.0. 
[20Jun2025 08:04:08.417] [main/WARN] [net.minecraftforge.common.ForgeConfigSpec/CORE]: Incorrect key Scylla.Scylla NatureHealing was corrected from null to its default, 25.0. 
[20Jun2025 08:04:08.417] [main/WARN] [net.minecraftforge.common.ForgeConfigSpec/CORE]: Incorrect key Scylla.Scylla DamageCap was corrected from null to its default, 22.0. 
[20Jun2025 08:04:08.417] [main/WARN] [net.minecraftforge.common.ForgeConfigSpec/CORE]: Incorrect key Scylla.Scylla DamageTime was corrected from null to its default, 25. 
[20Jun2025 08:04:08.417] [main/WARN] [net.minecraftforge.common.ForgeConfigSpec/CORE]: Incorrect key Scylla.Scylla's HP Damage was corrected from null to its default, 0.05. 
[20Jun2025 08:04:08.417] [main/WARN] [net.minecraftforge.common.ForgeConfigSpec/CORE]: Incorrect key Scylla.Scylla's Spin Hp Damage was corrected from null to its default, 0.07. 
[20Jun2025 08:04:08.417] [main/WARN] [net.minecraftforge.common.ForgeConfigSpec/CORE]: Incorrect key Scylla.Scylla's Lightning Storm HP Damage was corrected from null to its default, 0.04. 
[20Jun2025 08:04:08.476] [main/WARN] [net.minecraftforge.common.ForgeConfigSpec/CORE]: Configuration file /workspaces/server1/servidor_minecraft/config/unusualprehistory-common.toml is not correct. Correcting
[20Jun2025 08:04:08.476] [main/WARN] [net.minecraftforge.common.ForgeConfigSpec/CORE]: Incorrect key brachi_sound_volume was corrected from 3.0 to its default, 3.0. 
[20Jun2025 08:04:08.477] [main/WARN] [net.minecraftforge.common.ForgeConfigSpec/CORE]: Incorrect key brachi_teen_sound_volume was corrected from 1.5 to its default, 1.5. 
[20Jun2025 08:04:08.477] [main/WARN] [net.minecraftforge.common.ForgeConfigSpec/CORE]: Incorrect key rex_sound_volume was corrected from 0.5 to its default, 0.5. 
[20Jun2025 08:04:08.498] [main/WARN] [net.minecraftforge.common.ForgeConfigSpec/CORE]: Configuration file /workspaces/server1/servidor_minecraft/config/Deep Void Config.toml is not correct. Correcting
[20Jun2025 08:04:08.498] [main/WARN] [net.minecraftforge.common.ForgeConfigSpec/CORE]: Incorrect key Generation&World.StopActiveBlockGeneration was corrected from null to its default, false. 
[20Jun2025 08:04:08.498] [main/WARN] [net.minecraftforge.common.ForgeConfigSpec/CORE]: Incorrect key Generation&World.OldHoleStructure was corrected from null to its default, false. 
[20Jun2025 08:04:08.498] [main/WARN] [net.minecraftforge.common.ForgeConfigSpec/CORE]: Incorrect key Gameplay Changes.Purgatory was corrected from null to its default, false. 
[20Jun2025 08:04:08.498] [main/WARN] [net.minecraftforge.common.ForgeConfigSpec/CORE]: Incorrect key Gameplay Changes.GiveTorches was corrected from null to its default, true. 
[20Jun2025 08:04:08.655] [modloading-worker-0/INFO] [HammerLib/]: Setup HammerLib networking!
[20Jun2025 08:04:08.656] [modloading-worker-0/INFO] [com.structureessentials.StructureEssentials/]: structureessentials mod initialized
[20Jun2025 08:04:08.726] [modloading-worker-0/INFO] [com.dragonfight.DragonfightMod/]: dragonfight mod initialized
[20Jun2025 08:04:08.746] [modloading-worker-0/INFO] [games.dragonhowl.megamons.common.Megamons/]: Initializing Megamons Forge...
[20Jun2025 08:04:08.750] [modloading-worker-0/INFO] [com.cobblemon.mod.common.Cobblemon/]: Initializing...
[20Jun2025 08:04:08.759] [modloading-worker-0/INFO] [Cobbledex/]: Registering Forge Network
[20Jun2025 08:04:08.839] [modloading-worker-0/INFO] [Dungeon Crawl/]: Common Setup
[20Jun2025 08:04:08.855] [Forge Version Check/INFO] [net.minecraftforge.fml.VersionChecker/]: [cyclopscore] Starting version check at https://raw.githubusercontent.com/CyclopsMC/Versions/master/forge_update/cyclops-core.json
[20Jun2025 08:04:08.881] [modloading-worker-0/INFO] [CorgiLib/]: Initializing network...
[20Jun2025 08:04:08.888] [modloading-worker-0/INFO] [CorgiLib/]: Initialized network!
[20Jun2025 08:04:08.889] [modloading-worker-0/INFO] [com.brutalbosses.BrutalBosses/]: brutalbosses mod initialized
[20Jun2025 08:04:08.900] [modloading-worker-0/INFO] [com.betterchunkloading.BetterChunkLoading/]: betterchunkloading mod initialized
[20Jun2025 08:04:08.994] [modloading-worker-0/INFO] [wan_ancient_beasts/]: Hello World from Wan's Ancient Beasts Common Side
[20Jun2025 08:04:08.996] [modloading-worker-0/INFO] [com.chunksending.ChunkSending/]: chunksending mod initialized
[20Jun2025 08:04:09.006] [Forge Version Check/INFO] [net.minecraftforge.fml.VersionChecker/]: [cyclopscore] Found status: UP_TO_DATE Current: 1.20.1 Target: null
[20Jun2025 08:04:09.007] [Forge Version Check/INFO] [net.minecraftforge.fml.VersionChecker/]: [easyanvils] Starting version check at https://raw.githubusercontent.com/Fuzss/modresources/main/update/easyanvils.json
[20Jun2025 08:04:09.125] [Cobblemon Showdown/INFO] [com.cobblemon.mod.common.Cobblemon/]: Starting showdown service...
[20Jun2025 08:04:09.143] [Forge Version Check/INFO] [net.minecraftforge.fml.VersionChecker/]: [easyanvils] Found status: UP_TO_DATE Current: 8.0.2 Target: null
[20Jun2025 08:04:09.143] [Forge Version Check/INFO] [net.minecraftforge.fml.VersionChecker/]: [hammerlib] Starting version check at https://api.modrinth.com/updates/PlkSuVtM/forge_updates.json
[20Jun2025 08:04:09.424] [Forge Version Check/INFO] [net.minecraftforge.fml.VersionChecker/]: [hammerlib] Found status: UP_TO_DATE Current: 20.1.50 Target: null
[20Jun2025 08:04:09.424] [Forge Version Check/INFO] [net.minecraftforge.fml.VersionChecker/]: [cobweb] Starting version check at https://api.modrinth.com/updates/cobweb/forge_updates.json
[20Jun2025 08:04:09.548] [Forge Version Check/INFO] [net.minecraftforge.fml.VersionChecker/]: [cobweb] Found status: UP_TO_DATE Current: 1.0.1 Target: null
[20Jun2025 08:04:09.548] [Forge Version Check/INFO] [net.minecraftforge.fml.VersionChecker/]: [uteamcore] Starting version check at https://api.u-team.info/update/uteamcore.json
[20Jun2025 08:04:09.622] [Forge Version Check/INFO] [net.minecraftforge.fml.VersionChecker/]: [uteamcore] Found status: UP_TO_DATE Current: 5.1.4.382 Target: null
[20Jun2025 08:04:09.622] [Forge Version Check/INFO] [net.minecraftforge.fml.VersionChecker/]: [zetter] Starting version check at https://api.modrinth.com/updates/ZmLgjf6f/forge_updates.json
[20Jun2025 08:04:09.743] [Forge Version Check/INFO] [net.minecraftforge.fml.VersionChecker/]: [zetter] Found status: UP_TO_DATE Current: 0.21.5 Target: null
[20Jun2025 08:04:09.743] [Forge Version Check/INFO] [net.minecraftforge.fml.VersionChecker/]: [diagonalblocks] Starting version check at https://raw.githubusercontent.com/Fuzss/modresources/main/update/diagonalblocks.json
[20Jun2025 08:04:09.751] [Forge Version Check/INFO] [net.minecraftforge.fml.VersionChecker/]: [diagonalblocks] Found status: BETA Current: 8.0.6 Target: null
[20Jun2025 08:04:09.751] [Forge Version Check/INFO] [net.minecraftforge.fml.VersionChecker/]: [gml] Starting version check at https://maven.moddinginquisition.org/releases/org/groovymc/gml/gml/forge-promotions.json
[20Jun2025 08:04:10.078] [Forge Version Check/INFO] [net.minecraftforge.fml.VersionChecker/]: [gml] Found status: BETA Current: 4.0.11 Target: null
[20Jun2025 08:04:10.078] [Forge Version Check/INFO] [net.minecraftforge.fml.VersionChecker/]: [mr_dungeons_andtaverns] Starting version check at https://api.modrinth.com/updates/tpehi7ww/forge_updates.json
[20Jun2025 08:04:10.415] [Forge Version Check/INFO] [net.minecraftforge.fml.VersionChecker/]: [mr_dungeons_andtaverns] Found status: OUTDATED Current: 3.0.3.f Target: 3.0.3.f+mod
[20Jun2025 08:04:10.415] [Forge Version Check/INFO] [net.minecraftforge.fml.VersionChecker/]: [tombstone] Starting version check at https://raw.githubusercontent.com/Corail31/tombstone_lite/master/update.json
[20Jun2025 08:04:10.420] [Forge Version Check/INFO] [net.minecraftforge.fml.VersionChecker/]: [tombstone] Found status: UP_TO_DATE Current: 8.9.8 Target: null
[20Jun2025 08:04:10.421] [Forge Version Check/INFO] [net.minecraftforge.fml.VersionChecker/]: [fastload] Starting version check at https://github.com/BumbleSoftware/Fastload/raw/Forge-1.20.1/updates.json
[20Jun2025 08:04:10.609] [Forge Version Check/INFO] [net.minecraftforge.fml.VersionChecker/]: [fastload] Found status: UP_TO_DATE Current: 3.4.0 Target: null
[20Jun2025 08:04:10.610] [Forge Version Check/INFO] [net.minecraftforge.fml.VersionChecker/]: [easymagic] Starting version check at https://raw.githubusercontent.com/Fuzss/modresources/main/update/easymagic.json
[20Jun2025 08:04:10.694] [Forge Version Check/INFO] [net.minecraftforge.fml.VersionChecker/]: [easymagic] Found status: UP_TO_DATE Current: 8.0.1 Target: null
[20Jun2025 08:04:10.694] [Forge Version Check/INFO] [net.minecraftforge.fml.VersionChecker/]: [visualworkbench] Starting version check at https://raw.githubusercontent.com/Fuzss/modresources/main/update/visualworkbench.json
[20Jun2025 08:04:10.699] [Forge Version Check/INFO] [net.minecraftforge.fml.VersionChecker/]: [visualworkbench] Found status: UP_TO_DATE Current: 8.0.0 Target: null
[20Jun2025 08:04:10.699] [Forge Version Check/INFO] [net.minecraftforge.fml.VersionChecker/]: [attributefix] Starting version check at https://updates.blamejared.com/get?n=attributefix&gv=1.20.1
[20Jun2025 08:04:10.801] [Forge Version Check/INFO] [net.minecraftforge.fml.VersionChecker/]: [attributefix] Found status: BETA Current: 21.0.4 Target: 21.0.4
[20Jun2025 08:04:10.801] [Forge Version Check/INFO] [net.minecraftforge.fml.VersionChecker/]: [clumps] Starting version check at https://updates.blamejared.com/get?n=clumps&gv=1.20.1
[20Jun2025 08:04:10.826] [Forge Version Check/INFO] [net.minecraftforge.fml.VersionChecker/]: [clumps] Found status: BETA Current: 12.0.0.4 Target: 12.0.0.4
[20Jun2025 08:04:10.826] [Forge Version Check/INFO] [net.minecraftforge.fml.VersionChecker/]: [configured] Starting version check at https://mrcrayfish.com/modupdatejson?id=configured
[20Jun2025 08:04:10.905] [Forge Version Check/WARN] [net.minecraftforge.fml.VersionChecker/]: Failed to process update information
com.google.gson.JsonSyntaxException: java.lang.IllegalStateException: Expected BEGIN_OBJECT but was STRING at line 1 column 1 path $
	at com.google.gson.Gson.fromJson(Gson.java:1226) ~[gson-2.10.jar%2372!/:?]
	at com.google.gson.Gson.fromJson(Gson.java:1124) ~[gson-2.10.jar%2372!/:?]
	at com.google.gson.Gson.fromJson(Gson.java:1034) ~[gson-2.10.jar%2372!/:?]
	at com.google.gson.Gson.fromJson(Gson.java:969) ~[gson-2.10.jar%2372!/:?]
	at net.minecraftforge.fml.VersionChecker$1.process(VersionChecker.java:186) ~[fmlcore-1.20.1-47.4.0.jar%23380!/:?]
	at java.lang.Iterable.forEach(Iterable.java:75) ~[?:?]
	at net.minecraftforge.fml.VersionChecker$1.run(VersionChecker.java:117) ~[fmlcore-1.20.1-47.4.0.jar%23380!/:?]
Caused by: java.lang.IllegalStateException: Expected BEGIN_OBJECT but was STRING at line 1 column 1 path $
	at com.google.gson.stream.JsonReader.beginObject(JsonReader.java:393) ~[gson-2.10.jar%2372!/:?]
	at com.google.gson.internal.bind.MapTypeAdapterFactory$Adapter.read(MapTypeAdapterFactory.java:182) ~[gson-2.10.jar%2372!/:?]
	at com.google.gson.internal.bind.MapTypeAdapterFactory$Adapter.read(MapTypeAdapterFactory.java:144) ~[gson-2.10.jar%2372!/:?]
	at com.google.gson.Gson.fromJson(Gson.java:1214) ~[gson-2.10.jar%2372!/:?]
	... 6 more
[20Jun2025 08:04:10.906] [Forge Version Check/INFO] [net.minecraftforge.fml.VersionChecker/]: [puzzlesaccessapi] Starting version check at https://raw.githubusercontent.com/Fuzss/modresources/main/update/puzzlesaccessapi.json
[20Jun2025 08:04:10.912] [Forge Version Check/INFO] [net.minecraftforge.fml.VersionChecker/]: [puzzlesaccessapi] Found status: BETA Current: 20.1.1 Target: null
[20Jun2025 08:04:10.913] [Forge Version Check/INFO] [net.minecraftforge.fml.VersionChecker/]: [forge] Starting version check at https://files.minecraftforge.net/net/minecraftforge/forge/promotions_slim.json
[20Jun2025 08:04:11.093] [Forge Version Check/INFO] [net.minecraftforge.fml.VersionChecker/]: [forge] Found status: UP_TO_DATE Current: 47.4.0 Target: null
[20Jun2025 08:04:11.094] [Forge Version Check/INFO] [net.minecraftforge.fml.VersionChecker/]: [moonlight] Starting version check at https://raw.githubusercontent.com/MehVahdJukaar/Moonlight/multi-loader/forge/update.json
[20Jun2025 08:04:11.101] [Forge Version Check/INFO] [net.minecraftforge.fml.VersionChecker/]: [moonlight] Found status: BETA Current: 1.20-2.14.8 Target: null
[20Jun2025 08:04:11.101] [Forge Version Check/INFO] [net.minecraftforge.fml.VersionChecker/]: [diagonalfences] Starting version check at https://raw.githubusercontent.com/Fuzss/modresources/main/update/diagonalfences.json
[20Jun2025 08:04:11.112] [Forge Version Check/INFO] [net.minecraftforge.fml.VersionChecker/]: [diagonalfences] Found status: UP_TO_DATE Current: 8.1.5 Target: null
[20Jun2025 08:04:11.113] [Forge Version Check/INFO] [net.minecraftforge.fml.VersionChecker/]: [backpacked] Starting version check at https://mrcrayfish.com/modupdatejson?id=backpacked
[20Jun2025 08:04:11.124] [Forge Version Check/WARN] [net.minecraftforge.fml.VersionChecker/]: Failed to process update information
com.google.gson.JsonSyntaxException: java.lang.IllegalStateException: Expected BEGIN_OBJECT but was STRING at line 1 column 1 path $
	at com.google.gson.Gson.fromJson(Gson.java:1226) ~[gson-2.10.jar%2372!/:?]
	at com.google.gson.Gson.fromJson(Gson.java:1124) ~[gson-2.10.jar%2372!/:?]
	at com.google.gson.Gson.fromJson(Gson.java:1034) ~[gson-2.10.jar%2372!/:?]
	at com.google.gson.Gson.fromJson(Gson.java:969) ~[gson-2.10.jar%2372!/:?]
	at net.minecraftforge.fml.VersionChecker$1.process(VersionChecker.java:186) ~[fmlcore-1.20.1-47.4.0.jar%23380!/:?]
	at java.lang.Iterable.forEach(Iterable.java:75) ~[?:?]
	at net.minecraftforge.fml.VersionChecker$1.run(VersionChecker.java:117) ~[fmlcore-1.20.1-47.4.0.jar%23380!/:?]
Caused by: java.lang.IllegalStateException: Expected BEGIN_OBJECT but was STRING at line 1 column 1 path $
	at com.google.gson.stream.JsonReader.beginObject(JsonReader.java:393) ~[gson-2.10.jar%2372!/:?]
	at com.google.gson.internal.bind.MapTypeAdapterFactory$Adapter.read(MapTypeAdapterFactory.java:182) ~[gson-2.10.jar%2372!/:?]
	at com.google.gson.internal.bind.MapTypeAdapterFactory$Adapter.read(MapTypeAdapterFactory.java:144) ~[gson-2.10.jar%2372!/:?]
	at com.google.gson.Gson.fromJson(Gson.java:1214) ~[gson-2.10.jar%2372!/:?]
	... 6 more
[20Jun2025 08:04:11.126] [Forge Version Check/INFO] [net.minecraftforge.fml.VersionChecker/]: [canary] Starting version check at https://github.com/AbdElAziz333/Canary/raw/mc1.19.2/dev/updates.json
[20Jun2025 08:04:11.270] [Forge Version Check/INFO] [net.minecraftforge.fml.VersionChecker/]: [canary] Found status: UP_TO_DATE Current: 0.3.3 Target: null
[20Jun2025 08:04:11.270] [Forge Version Check/INFO] [net.minecraftforge.fml.VersionChecker/]: [puzzleslib] Starting version check at https://raw.githubusercontent.com/Fuzss/modresources/main/update/puzzleslib.json
[20Jun2025 08:04:11.277] [Forge Version Check/INFO] [net.minecraftforge.fml.VersionChecker/]: [puzzleslib] Found status: UP_TO_DATE Current: 8.1.32 Target: null
[20Jun2025 08:04:11.278] [Forge Version Check/INFO] [net.minecraftforge.fml.VersionChecker/]: [ad_astra] Starting version check at https://api.modrinth.com/updates/3ufwT9JF/forge_updates.json
[20Jun2025 08:04:11.379] [Forge Version Check/INFO] [net.minecraftforge.fml.VersionChecker/]: [ad_astra] Found status: UP_TO_DATE Current: 1.15.20 Target: null
[20Jun2025 08:04:11.557] [Cobblemon Showdown/INFO] [com.cobblemon.mod.common.Cobblemon/]: Showdown has been started!
[20Jun2025 08:04:11.559] [modloading-worker-0/INFO] [com.cobblemon.mod.common.Cobblemon/]: Note: Cobblemon data registries are only loaded once per server instance as Pokémon species are not safe to reload.
[20Jun2025 08:04:11.559] [modloading-worker-0/INFO] [com.cobblemon.mod.common.Cobblemon/]: Registered the cobblemon:species_features registry
[20Jun2025 08:04:11.560] [modloading-worker-0/INFO] [com.cobblemon.mod.common.Cobblemon/]: Registered the cobblemon:global_species_features registry
[20Jun2025 08:04:11.561] [modloading-worker-0/INFO] [com.cobblemon.mod.common.Cobblemon/]: Registered the cobblemon:species_feature_assignments registry
[20Jun2025 08:04:11.578] [modloading-worker-0/INFO] [com.cobblemon.mod.common.Cobblemon/]: Registered the cobblemon:action_effects registry
[20Jun2025 08:04:11.579] [modloading-worker-0/INFO] [com.cobblemon.mod.common.Cobblemon/]: Registered the cobblemon:moves registry
[20Jun2025 08:04:11.580] [modloading-worker-0/INFO] [com.cobblemon.mod.common.Cobblemon/]: Registered the cobblemon:abilities registry
[20Jun2025 08:04:11.580] [modloading-worker-0/INFO] [com.cobblemon.mod.common.Cobblemon/]: Registered the cobblemon:species registry
[20Jun2025 08:04:11.580] [modloading-worker-0/INFO] [com.cobblemon.mod.common.Cobblemon/]: Registered the cobblemon:species_additions registry
[20Jun2025 08:04:11.580] [modloading-worker-0/INFO] [com.cobblemon.mod.common.Cobblemon/]: Registered the cobblemon:pokeballs registry
[20Jun2025 08:04:11.582] [modloading-worker-0/INFO] [com.cobblemon.mod.common.Cobblemon/]: Registered the cobblemon:properties_tab_completion registry
[20Jun2025 08:04:11.582] [modloading-worker-0/INFO] [com.cobblemon.mod.common.Cobblemon/]: Registered the cobblemon:spawn_detail_presets registry
[20Jun2025 08:04:11.588] [modloading-worker-0/INFO] [com.cobblemon.mod.common.Cobblemon/]: Registered the cobblemon:spawn_rules registry
[20Jun2025 08:04:11.601] [modloading-worker-0/INFO] [com.cobblemon.mod.common.Cobblemon/]: Registered the cobblemon:mechanics registry
[20Jun2025 08:04:11.601] [modloading-worker-0/INFO] [com.cobblemon.mod.common.Cobblemon/]: Registered the cobblemon:bag_items registry
[20Jun2025 08:04:11.606] [modloading-worker-0/INFO] [com.cobblemon.mod.common.Cobblemon/]: Registered the cobblemon:dialogues registry
[20Jun2025 08:04:11.607] [modloading-worker-0/INFO] [com.cobblemon.mod.common.Cobblemon/]: Registered the cobblemon:natural_materials registry
[20Jun2025 08:04:11.608] [modloading-worker-0/INFO] [com.cobblemon.mod.common.Cobblemon/]: Registered the cobblemon:fossils registry
[20Jun2025 08:04:11.615] [modloading-worker-0/INFO] [com.cobblemon.mod.common.Cobblemon/]: Registered the cobblemon:spawn_pool_world registry
[20Jun2025 08:04:11.623] [modloading-worker-0/INFO] [com.cobblemon.mod.common.Cobblemon/]: Registered the cobblemon:berries registry
[20Jun2025 08:04:11.753] [main/INFO] [Framework/SYNCED_ENTITY_DATA]: Registered synced data key refurbished_furniture:lock_yaw for refurbished_furniture:seat
[20Jun2025 08:04:11.800] [main/INFO] [terrablender/]: Registered region minecraft:overworld to index 0 for type OVERWORLD
[20Jun2025 08:04:11.800] [main/INFO] [terrablender/]: Registered region minecraft:nether to index 0 for type NETHER
[20Jun2025 08:04:11.800] [main/INFO] [terrablender/]: Registered region biomesoplenty:overworld_primary to index 1 for type OVERWORLD
[20Jun2025 08:04:11.800] [main/INFO] [terrablender/]: Registered region biomesoplenty:overworld_secondary to index 2 for type OVERWORLD
[20Jun2025 08:04:11.800] [main/INFO] [terrablender/]: Registered region biomesoplenty:overworld_rare to index 3 for type OVERWORLD
[20Jun2025 08:04:11.801] [main/INFO] [terrablender/]: Registered region biomesoplenty:nether_common to index 1 for type NETHER
[20Jun2025 08:04:11.801] [main/INFO] [terrablender/]: Registered region biomesoplenty:nether_rare to index 2 for type NETHER
[20Jun2025 08:04:11.878] [main/INFO] [Moonlight/]: Initialized color sets in 66ms
[20Jun2025 08:04:11.878] [main/INFO] [terrablender/]: Registered region regions_unexplored:primary to index 4 for type OVERWORLD
[20Jun2025 08:04:11.878] [main/INFO] [terrablender/]: Registered region regions_unexplored:secondary to index 5 for type OVERWORLD
[20Jun2025 08:04:11.878] [main/INFO] [terrablender/]: Registered region regions_unexplored:nether to index 3 for type NETHER
[20Jun2025 08:04:11.954] [main/INFO] [zeta/]: Common setup: Performing initial refresh of zeta's config on thread 'main'
[20Jun2025 08:04:11.955] [main/INFO] [zeta/]: 'zeta' is enabling Zeta's piston structure resolver.
[20Jun2025 08:04:11.956] [main/INFO] [zeta/]: Waiting for server start before accepting filewatcher changes to zeta's config
[20Jun2025 08:04:11.972] [main/INFO] [terrablender/]: Registered region quark:biome_provider to index 6 for type OVERWORLD
[20Jun2025 08:04:11.973] [main/INFO] [quark-zeta/]: Common setup: Performing initial refresh of quark's config on thread 'main'
[20Jun2025 08:04:11.985] [main/INFO] [quark-zeta/]: Waiting for server start before accepting filewatcher changes to quark's config
[20Jun2025 08:04:12.104] [modloading-worker-0/INFO] [wan_ancient_beasts/]: Hello World from Wan's Ancient Beasts Server Side
[20Jun2025 08:04:12.313] [modloading-worker-0/INFO] [HammerLib/]: Performed registerFoil from hammerlib. Determined constant(0xFFFFFF0F) foil provider
[20Jun2025 08:04:12.315] [modloading-worker-0/INFO] [HammerLib/]: Performed registerFoil from hammerlib. Determined dynamic(org.zeith.hammerlib.client.CustomFoilConfigs$$Lambda$24923/0x0000737aa2feaff0@6ea1f9e7) foil provider
[20Jun2025 08:04:12.315] [modloading-worker-0/INFO] [io.redspace.ironsspellbooks.IronsSpellbooks/]: Got IMC []
[20Jun2025 08:04:12.417] [modloading-worker-0/INFO] [AttributeFix/]: Loaded values for 46 compatible attributes.
[20Jun2025 08:04:12.421] [modloading-worker-0/ERROR] [AttributeFix/]: Attribute ID 'tconstruct:generic.bad_effect_duration_multiplier' does not belong to a known attribute. This entry will be ignored.
[20Jun2025 08:04:12.423] [modloading-worker-0/ERROR] [AttributeFix/]: Attribute ID 'tconstruct:generic.jump_boost' does not belong to a known attribute. This entry will be ignored.
[20Jun2025 08:04:12.423] [modloading-worker-0/ERROR] [AttributeFix/]: Attribute ID 'tconstruct:generic.bouncy' does not belong to a known attribute. This entry will be ignored.
[20Jun2025 08:04:12.423] [modloading-worker-0/ERROR] [AttributeFix/]: Attribute ID 'tconstruct:generic.good_effect_duration_multiplier' does not belong to a known attribute. This entry will be ignored.
[20Jun2025 08:04:12.423] [modloading-worker-0/ERROR] [AttributeFix/]: Attribute ID 'tconstruct:generic.safe_fall_distance' does not belong to a known attribute. This entry will be ignored.
[20Jun2025 08:04:12.423] [modloading-worker-0/ERROR] [AttributeFix/]: Attribute ID 'tconstruct:generic.crouch_damage_multiplier' does not belong to a known attribute. This entry will be ignored.
[20Jun2025 08:04:12.423] [modloading-worker-0/ERROR] [AttributeFix/]: Attribute ID 'tconstruct:player.jump_count' does not belong to a known attribute. This entry will be ignored.
[20Jun2025 08:04:12.423] [modloading-worker-0/ERROR] [AttributeFix/]: Attribute ID 'tconstruct:generic.knockback_multiplier' does not belong to a known attribute. This entry will be ignored.
[20Jun2025 08:04:12.423] [modloading-worker-0/ERROR] [AttributeFix/]: Attribute ID 'tconstruct:player.experience_multiplier' does not belong to a known attribute. This entry will be ignored.
[20Jun2025 08:04:12.423] [modloading-worker-0/ERROR] [AttributeFix/]: Attribute ID 'tconstruct:player.mining_speed_multiplier' does not belong to a known attribute. This entry will be ignored.
[20Jun2025 08:04:12.423] [modloading-worker-0/ERROR] [AttributeFix/]: Attribute ID 'tconstruct:player.critical_damage' does not belong to a known attribute. This entry will be ignored.
[20Jun2025 08:04:12.423] [modloading-worker-0/ERROR] [AttributeFix/]: Attribute ID 'tconstruct:generic.protection_cap' does not belong to a known attribute. This entry will be ignored.
[20Jun2025 08:04:12.423] [modloading-worker-0/ERROR] [AttributeFix/]: Attribute ID 'tconstruct:player.use_item_speed' does not belong to a known attribute. This entry will be ignored.
[20Jun2025 08:04:12.424] [modloading-worker-0/INFO] [AttributeFix/]: Loaded 59 values from config.
[20Jun2025 08:04:12.430] [modloading-worker-0/INFO] [AttributeFix/]: Saving config file. 59 entries.
[20Jun2025 08:04:12.430] [modloading-worker-0/INFO] [AttributeFix/]: Applying changes for 59 attributes.
[20Jun2025 08:04:13.235] [main/INFO] [com.mojang.authlib.yggdrasil.YggdrasilAuthenticationService/]: Environment: authHost='https://authserver.mojang.com', accountsHost='https://api.mojang.com', sessionHost='https://sessionserver.mojang.com', servicesHost='https://api.minecraftservices.com', name='PROD'
[20Jun2025 08:04:13.376] [main/WARN] [net.minecraftforge.common.ForgeHooks/WP]: The following mods have version differences that were not resolved:
cataclysm (version 2.65 -> 3.00)
enhancedai (version 2.6.6 -> 2.6.7)
geckolib (version 4.7.1.3 -> 4.7.2)
immersive_paintings (version 0.6.7+1.20.1 -> 0.6.8+1.20.1)
mca (version 7.6.9+1.20.1 -> 7.6.10+1.20.1)
moonlight (version 1.20-2.14.4 -> 1.20-2.14.8)
the_deep_void (version 1.87 -> 1.89)
tombstone (version 8.9.7 -> 8.9.8)
Things may not work well.
[20Jun2025 08:04:13.553] [main/ERROR] [net.minecraftforge.registries.GameData/REGISTRIES]: Unidentified mapping from registry minecraft:block
	the_deep_void:ancient_altar: 2179

[20Jun2025 08:04:13.554] [main/ERROR] [net.minecraftforge.registries.GameData/REGISTRIES]: Unidentified mapping from registry minecraft:entity_type
	the_deep_void:blind_prophet: 419
	the_deep_void:mrordyygothre: 417

[20Jun2025 08:04:13.554] [main/ERROR] [net.minecraftforge.registries.GameData/REGISTRIES]: Unidentified mapping from registry minecraft:item
	the_deep_void:ancient_altar: 5707
	the_deep_void:blind_prophet_spawn_egg: 5708
	the_deep_void:mrordyygothre_spawn_egg: 5705

[20Jun2025 08:04:13.554] [main/ERROR] [net.minecraftforge.registries.GameData/REGISTRIES]: Unidentified mapping from registry minecraft:sound_event
	cataclysm:bolt_strike: 1884

[20Jun2025 08:04:13.555] [main/WARN] [net.minecraftforge.registries.GameData/REGISTRIES]: Forge Mod Loader detected missing registry entries.

There are 7 missing entries in this save.
If you continue the missing entries will get removed.
A world backup will be automatically created in your saves directory.


[20Jun2025 08:04:13.555] [main/WARN] [net.minecraftforge.registries.GameData/REGISTRIES]: Missing minecraft:sound_event:
    cataclysm:bolt_strike

Missing minecraft:item:
    the_deep_void:ancient_altar
    the_deep_void:blind_prophet_spawn_egg
    the_deep_void:mrordyygothre_spawn_egg

Missing minecraft:block:
    the_deep_void:ancient_altar

Missing minecraft:entity_type:
    the_deep_void:blind_prophet
    the_deep_void:mrordyygothre


[20Jun2025 08:04:13.555] [main/ERROR] [net.minecraftforge.registries.GameData/REGISTRIES]: There are unidentified mappings in this world - we are going to attempt to process anyway
[20Jun2025 08:04:13.560] [main/WARN] [net.minecraftforge.registries.ForgeRegistry/REGISTRIES]: Registry minecraft:block: Object did not get ID it asked for. Name: cataclysm:boss_respawner Expected: 1066 Got: 5846
[20Jun2025 08:04:13.560] [main/WARN] [net.minecraftforge.registries.ForgeRegistry/REGISTRIES]: Registry minecraft:block: Object did not get ID it asked for. Name: cataclysm:goddess_statue Expected: 1071 Got: 5847
[20Jun2025 08:04:13.560] [main/WARN] [net.minecraftforge.registries.ForgeRegistry/REGISTRIES]: Registry minecraft:block: Object did not get ID it asked for. Name: cataclysm:azure_seastone_mural_empty Expected: 1119 Got: 5848
[20Jun2025 08:04:13.560] [main/WARN] [net.minecraftforge.registries.ForgeRegistry/REGISTRIES]: Registry minecraft:block: Object did not get ID it asked for. Name: cataclysm:azure_seastone_mural_clawdian Expected: 1120 Got: 5849
[20Jun2025 08:04:13.560] [main/WARN] [net.minecraftforge.registries.ForgeRegistry/REGISTRIES]: Registry minecraft:block: Object did not get ID it asked for. Name: cataclysm:azure_seastone_mural_cindaria Expected: 1121 Got: 5850
[20Jun2025 08:04:13.560] [main/WARN] [net.minecraftforge.registries.ForgeRegistry/REGISTRIES]: Registry minecraft:block: Object did not get ID it asked for. Name: cataclysm:azure_seastone_mural_hippocamtus Expected: 1122 Got: 5851
[20Jun2025 08:04:13.560] [main/WARN] [net.minecraftforge.registries.ForgeRegistry/REGISTRIES]: Registry minecraft:block: Object did not get ID it asked for. Name: cataclysm:azure_seastone_mural_urchinkin Expected: 1123 Got: 5852
[20Jun2025 08:04:13.560] [main/WARN] [net.minecraftforge.registries.ForgeRegistry/REGISTRIES]: Registry minecraft:block: Object did not get ID it asked for. Name: cataclysm:azure_seastone_mural_thunder Expected: 1124 Got: 5853
[20Jun2025 08:04:13.561] [main/WARN] [net.minecraftforge.registries.ForgeRegistry/REGISTRIES]: Registry minecraft:block: Object did not get ID it asked for. Name: cataclysm:azure_seastone_mural_sea Expected: 1125 Got: 5854
[20Jun2025 08:04:13.561] [main/WARN] [net.minecraftforge.registries.ForgeRegistry/REGISTRIES]: Registry minecraft:block: Object did not get ID it asked for. Name: cataclysm:azure_seastone_mural_underworld Expected: 1126 Got: 5855
[20Jun2025 08:04:13.561] [main/WARN] [net.minecraftforge.registries.ForgeRegistry/REGISTRIES]: Registry minecraft:block: Object did not get ID it asked for. Name: cataclysm:azure_seastone_mural_harvest Expected: 1127 Got: 5856
[20Jun2025 08:04:13.561] [main/WARN] [net.minecraftforge.registries.ForgeRegistry/REGISTRIES]: Registry minecraft:block: Object did not get ID it asked for. Name: cataclysm:azure_seastone_mural_smithing Expected: 1128 Got: 5857
[20Jun2025 08:04:13.561] [main/WARN] [net.minecraftforge.registries.ForgeRegistry/REGISTRIES]: Registry minecraft:block: Object did not get ID it asked for. Name: cataclysm:azure_seastone_mural_wisdom Expected: 1129 Got: 5858
[20Jun2025 08:04:13.561] [main/WARN] [net.minecraftforge.registries.ForgeRegistry/REGISTRIES]: Registry minecraft:block: Object did not get ID it asked for. Name: cataclysm:curved_azure_seastone_urchinkin Expected: 1130 Got: 5859
[20Jun2025 08:04:13.561] [main/WARN] [net.minecraftforge.registries.ForgeRegistry/REGISTRIES]: Registry minecraft:block: Object did not get ID it asked for. Name: cataclysm:curved_azure_seastone_cindaria_1 Expected: 1131 Got: 5860
[20Jun2025 08:04:13.561] [main/WARN] [net.minecraftforge.registries.ForgeRegistry/REGISTRIES]: Registry minecraft:block: Object did not get ID it asked for. Name: cataclysm:curved_azure_seastone_cindaria_2 Expected: 1132 Got: 5861
[20Jun2025 08:04:13.561] [main/WARN] [net.minecraftforge.registries.ForgeRegistry/REGISTRIES]: Registry minecraft:block: Object did not get ID it asked for. Name: cataclysm:curved_azure_seastone_cindaria_3 Expected: 1133 Got: 5862
[20Jun2025 08:04:13.561] [main/WARN] [net.minecraftforge.registries.ForgeRegistry/REGISTRIES]: Registry minecraft:block: Object did not get ID it asked for. Name: cataclysm:curved_azure_seastone_cindaria_4 Expected: 1134 Got: 5863
[20Jun2025 08:04:13.561] [main/WARN] [net.minecraftforge.registries.ForgeRegistry/REGISTRIES]: Registry minecraft:block: Object did not get ID it asked for. Name: cataclysm:curved_azure_seastone_hippocamtus_1 Expected: 1135 Got: 5864
[20Jun2025 08:04:13.561] [main/WARN] [net.minecraftforge.registries.ForgeRegistry/REGISTRIES]: Registry minecraft:block: Object did not get ID it asked for. Name: cataclysm:curved_azure_seastone_hippocamtus_2 Expected: 1136 Got: 5865
[20Jun2025 08:04:13.561] [main/WARN] [net.minecraftforge.registries.ForgeRegistry/REGISTRIES]: Registry minecraft:block: Object did not get ID it asked for. Name: cataclysm:curved_azure_seastone_hippocamtus_3 Expected: 1137 Got: 5866
[20Jun2025 08:04:13.562] [main/WARN] [net.minecraftforge.registries.ForgeRegistry/REGISTRIES]: Registry minecraft:block: Object did not get ID it asked for. Name: cataclysm:curved_azure_seastone_hippocamtus_4 Expected: 1138 Got: 5867
[20Jun2025 08:04:13.562] [main/WARN] [net.minecraftforge.registries.ForgeRegistry/REGISTRIES]: Registry minecraft:block: Object did not get ID it asked for. Name: cataclysm:curved_azure_seastone_clawdian_1 Expected: 1139 Got: 5868
[20Jun2025 08:04:13.562] [main/WARN] [net.minecraftforge.registries.ForgeRegistry/REGISTRIES]: Registry minecraft:block: Object did not get ID it asked for. Name: cataclysm:curved_azure_seastone_clawdian_2 Expected: 1140 Got: 5869
[20Jun2025 08:04:13.562] [main/WARN] [net.minecraftforge.registries.ForgeRegistry/REGISTRIES]: Registry minecraft:block: Object did not get ID it asked for. Name: cataclysm:curved_azure_seastone_clawdian_3 Expected: 1141 Got: 5870
[20Jun2025 08:04:13.562] [main/WARN] [net.minecraftforge.registries.ForgeRegistry/REGISTRIES]: Registry minecraft:block: Object did not get ID it asked for. Name: cataclysm:curved_azure_seastone_clawdian_4 Expected: 1142 Got: 5871
[20Jun2025 08:04:13.562] [main/WARN] [net.minecraftforge.registries.ForgeRegistry/REGISTRIES]: Registry minecraft:block: Object did not get ID it asked for. Name: cataclysm:curved_azure_seastone_scylla_1 Expected: 1143 Got: 5872
[20Jun2025 08:04:13.562] [main/WARN] [net.minecraftforge.registries.ForgeRegistry/REGISTRIES]: Registry minecraft:block: Object did not get ID it asked for. Name: cataclysm:curved_azure_seastone_scylla_2 Expected: 1144 Got: 5873
[20Jun2025 08:04:13.562] [main/WARN] [net.minecraftforge.registries.ForgeRegistry/REGISTRIES]: Registry minecraft:block: Object did not get ID it asked for. Name: cataclysm:curved_azure_seastone_scylla_3 Expected: 1145 Got: 5874
[20Jun2025 08:04:13.562] [main/WARN] [net.minecraftforge.registries.ForgeRegistry/REGISTRIES]: Registry minecraft:block: Object did not get ID it asked for. Name: cataclysm:curved_azure_seastone_scylla_4 Expected: 1146 Got: 5875
[20Jun2025 08:04:13.562] [main/WARN] [net.minecraftforge.registries.ForgeRegistry/REGISTRIES]: Registry minecraft:block: Object did not get ID it asked for. Name: cataclysm:curved_azure_seastone_scylla_5 Expected: 1147 Got: 5876
[20Jun2025 08:04:13.562] [main/WARN] [net.minecraftforge.registries.ForgeRegistry/REGISTRIES]: Registry minecraft:block: Object did not get ID it asked for. Name: cataclysm:curved_azure_seastone_scylla_6 Expected: 1148 Got: 5877
[20Jun2025 08:04:13.562] [main/WARN] [net.minecraftforge.registries.ForgeRegistry/REGISTRIES]: Registry minecraft:block: Object did not get ID it asked for. Name: cataclysm:curved_azure_seastone_scylla_7 Expected: 1149 Got: 5878
[20Jun2025 08:04:13.562] [main/WARN] [net.minecraftforge.registries.ForgeRegistry/REGISTRIES]: Registry minecraft:block: Object did not get ID it asked for. Name: cataclysm:curved_azure_seastone_scylla_8 Expected: 1150 Got: 5879
[20Jun2025 08:04:13.562] [main/WARN] [net.minecraftforge.registries.ForgeRegistry/REGISTRIES]: Registry minecraft:block: Object did not get ID it asked for. Name: cataclysm:curved_azure_seastone_scylla_9 Expected: 1151 Got: 5880
[20Jun2025 08:04:13.563] [main/WARN] [net.minecraftforge.registries.ForgeRegistry/REGISTRIES]: Registry minecraft:block: Object did not get ID it asked for. Name: the_deep_void:peeping_stem Expected: 2285 Got: 5881
[20Jun2025 08:04:13.563] [main/WARN] [net.minecraftforge.registries.ForgeRegistry/REGISTRIES]: Registry minecraft:block: Object did not get ID it asked for. Name: the_deep_void:active_flesh_block Expected: 2286 Got: 5882
[20Jun2025 08:04:13.563] [main/WARN] [net.minecraftforge.registries.ForgeRegistry/REGISTRIES]: Registry minecraft:block: Object did not get ID it asked for. Name: the_deep_void:brown_eye_vine Expected: 2287 Got: 5883
[20Jun2025 08:04:13.563] [main/WARN] [net.minecraftforge.registries.ForgeRegistry/REGISTRIES]: Registry minecraft:block: Object did not get ID it asked for. Name: the_deep_void:purple_eye_vine Expected: 2288 Got: 5884
[20Jun2025 08:04:13.563] [main/WARN] [net.minecraftforge.registries.ForgeRegistry/REGISTRIES]: Registry minecraft:block: Object did not get ID it asked for. Name: the_deep_void:big_brown_eye Expected: 2289 Got: 5885
[20Jun2025 08:04:13.563] [main/WARN] [net.minecraftforge.registries.ForgeRegistry/REGISTRIES]: Registry minecraft:block: Object did not get ID it asked for. Name: the_deep_void:big_purple_eye Expected: 2290 Got: 5886
[20Jun2025 08:04:13.567] [main/WARN] [net.minecraftforge.registries.ForgeRegistry/REGISTRIES]: Registry minecraft:item: Object did not get ID it asked for. Name: cataclysm:azure_seastone_mural_empty Expected: 3487 Got: 10233
[20Jun2025 08:04:13.567] [main/WARN] [net.minecraftforge.registries.ForgeRegistry/REGISTRIES]: Registry minecraft:item: Object did not get ID it asked for. Name: cataclysm:azure_seastone_mural_urchinkin Expected: 3488 Got: 10234
[20Jun2025 08:04:13.567] [main/WARN] [net.minecraftforge.registries.ForgeRegistry/REGISTRIES]: Registry minecraft:item: Object did not get ID it asked for. Name: cataclysm:azure_seastone_mural_cindaria Expected: 3489 Got: 10235
[20Jun2025 08:04:13.567] [main/WARN] [net.minecraftforge.registries.ForgeRegistry/REGISTRIES]: Registry minecraft:item: Object did not get ID it asked for. Name: cataclysm:azure_seastone_mural_hippocamtus Expected: 3490 Got: 10236
[20Jun2025 08:04:13.568] [main/WARN] [net.minecraftforge.registries.ForgeRegistry/REGISTRIES]: Registry minecraft:item: Object did not get ID it asked for. Name: cataclysm:azure_seastone_mural_clawdian Expected: 3491 Got: 10237
[20Jun2025 08:04:13.568] [main/WARN] [net.minecraftforge.registries.ForgeRegistry/REGISTRIES]: Registry minecraft:item: Object did not get ID it asked for. Name: cataclysm:azure_seastone_mural_thunder Expected: 3492 Got: 10238
[20Jun2025 08:04:13.568] [main/WARN] [net.minecraftforge.registries.ForgeRegistry/REGISTRIES]: Registry minecraft:item: Object did not get ID it asked for. Name: cataclysm:azure_seastone_mural_sea Expected: 3493 Got: 10239
[20Jun2025 08:04:13.568] [main/WARN] [net.minecraftforge.registries.ForgeRegistry/REGISTRIES]: Registry minecraft:item: Object did not get ID it asked for. Name: cataclysm:azure_seastone_mural_underworld Expected: 3494 Got: 10240
[20Jun2025 08:04:13.568] [main/WARN] [net.minecraftforge.registries.ForgeRegistry/REGISTRIES]: Registry minecraft:item: Object did not get ID it asked for. Name: cataclysm:azure_seastone_mural_harvest Expected: 3495 Got: 10241
[20Jun2025 08:04:13.568] [main/WARN] [net.minecraftforge.registries.ForgeRegistry/REGISTRIES]: Registry minecraft:item: Object did not get ID it asked for. Name: cataclysm:azure_seastone_mural_smithing Expected: 3496 Got: 10242
[20Jun2025 08:04:13.568] [main/WARN] [net.minecraftforge.registries.ForgeRegistry/REGISTRIES]: Registry minecraft:item: Object did not get ID it asked for. Name: cataclysm:azure_seastone_mural_wisdom Expected: 3497 Got: 10243
[20Jun2025 08:04:13.568] [main/WARN] [net.minecraftforge.registries.ForgeRegistry/REGISTRIES]: Registry minecraft:item: Object did not get ID it asked for. Name: cataclysm:curved_azure_seastone_urchinkin Expected: 3498 Got: 10244
[20Jun2025 08:04:13.568] [main/WARN] [net.minecraftforge.registries.ForgeRegistry/REGISTRIES]: Registry minecraft:item: Object did not get ID it asked for. Name: cataclysm:curved_azure_seastone_cindaria_1 Expected: 3499 Got: 10245
[20Jun2025 08:04:13.568] [main/WARN] [net.minecraftforge.registries.ForgeRegistry/REGISTRIES]: Registry minecraft:item: Object did not get ID it asked for. Name: cataclysm:curved_azure_seastone_cindaria_2 Expected: 3500 Got: 10246
[20Jun2025 08:04:13.568] [main/WARN] [net.minecraftforge.registries.ForgeRegistry/REGISTRIES]: Registry minecraft:item: Object did not get ID it asked for. Name: cataclysm:curved_azure_seastone_cindaria_3 Expected: 3501 Got: 10247
[20Jun2025 08:04:13.569] [main/WARN] [net.minecraftforge.registries.ForgeRegistry/REGISTRIES]: Registry minecraft:item: Object did not get ID it asked for. Name: cataclysm:curved_azure_seastone_cindaria_4 Expected: 3502 Got: 10248
[20Jun2025 08:04:13.569] [main/WARN] [net.minecraftforge.registries.ForgeRegistry/REGISTRIES]: Registry minecraft:item: Object did not get ID it asked for. Name: cataclysm:curved_azure_seastone_hippocamtus_1 Expected: 3503 Got: 10249
[20Jun2025 08:04:13.569] [main/WARN] [net.minecraftforge.registries.ForgeRegistry/REGISTRIES]: Registry minecraft:item: Object did not get ID it asked for. Name: cataclysm:curved_azure_seastone_hippocamtus_2 Expected: 3504 Got: 10250
[20Jun2025 08:04:13.569] [main/WARN] [net.minecraftforge.registries.ForgeRegistry/REGISTRIES]: Registry minecraft:item: Object did not get ID it asked for. Name: cataclysm:curved_azure_seastone_hippocamtus_3 Expected: 3505 Got: 10251
[20Jun2025 08:04:13.569] [main/WARN] [net.minecraftforge.registries.ForgeRegistry/REGISTRIES]: Registry minecraft:item: Object did not get ID it asked for. Name: cataclysm:curved_azure_seastone_hippocamtus_4 Expected: 3506 Got: 10252
[20Jun2025 08:04:13.569] [main/WARN] [net.minecraftforge.registries.ForgeRegistry/REGISTRIES]: Registry minecraft:item: Object did not get ID it asked for. Name: cataclysm:curved_azure_seastone_clawdian_1 Expected: 3507 Got: 10253
[20Jun2025 08:04:13.569] [main/WARN] [net.minecraftforge.registries.ForgeRegistry/REGISTRIES]: Registry minecraft:item: Object did not get ID it asked for. Name: cataclysm:curved_azure_seastone_clawdian_2 Expected: 3508 Got: 10254
[20Jun2025 08:04:13.569] [main/WARN] [net.minecraftforge.registries.ForgeRegistry/REGISTRIES]: Registry minecraft:item: Object did not get ID it asked for. Name: cataclysm:curved_azure_seastone_clawdian_3 Expected: 3509 Got: 10255
[20Jun2025 08:04:13.569] [main/WARN] [net.minecraftforge.registries.ForgeRegistry/REGISTRIES]: Registry minecraft:item: Object did not get ID it asked for. Name: cataclysm:curved_azure_seastone_clawdian_4 Expected: 3510 Got: 10256
[20Jun2025 08:04:13.569] [main/WARN] [net.minecraftforge.registries.ForgeRegistry/REGISTRIES]: Registry minecraft:item: Object did not get ID it asked for. Name: cataclysm:curved_azure_seastone_scylla_1 Expected: 3511 Got: 10257
[20Jun2025 08:04:13.569] [main/WARN] [net.minecraftforge.registries.ForgeRegistry/REGISTRIES]: Registry minecraft:item: Object did not get ID it asked for. Name: cataclysm:curved_azure_seastone_scylla_2 Expected: 3512 Got: 10258
[20Jun2025 08:04:13.569] [main/WARN] [net.minecraftforge.registries.ForgeRegistry/REGISTRIES]: Registry minecraft:item: Object did not get ID it asked for. Name: cataclysm:curved_azure_seastone_scylla_3 Expected: 3513 Got: 10259
[20Jun2025 08:04:13.570] [main/WARN] [net.minecraftforge.registries.ForgeRegistry/REGISTRIES]: Registry minecraft:item: Object did not get ID it asked for. Name: cataclysm:curved_azure_seastone_scylla_4 Expected: 3514 Got: 10260
[20Jun2025 08:04:13.570] [main/WARN] [net.minecraftforge.registries.ForgeRegistry/REGISTRIES]: Registry minecraft:item: Object did not get ID it asked for. Name: cataclysm:curved_azure_seastone_scylla_5 Expected: 3515 Got: 10261
[20Jun2025 08:04:13.570] [main/WARN] [net.minecraftforge.registries.ForgeRegistry/REGISTRIES]: Registry minecraft:item: Object did not get ID it asked for. Name: cataclysm:curved_azure_seastone_scylla_6 Expected: 3516 Got: 10262
[20Jun2025 08:04:13.570] [main/WARN] [net.minecraftforge.registries.ForgeRegistry/REGISTRIES]: Registry minecraft:item: Object did not get ID it asked for. Name: cataclysm:curved_azure_seastone_scylla_7 Expected: 3517 Got: 10263
[20Jun2025 08:04:13.570] [main/WARN] [net.minecraftforge.registries.ForgeRegistry/REGISTRIES]: Registry minecraft:item: Object did not get ID it asked for. Name: cataclysm:curved_azure_seastone_scylla_8 Expected: 3518 Got: 10264
[20Jun2025 08:04:13.570] [main/WARN] [net.minecraftforge.registries.ForgeRegistry/REGISTRIES]: Registry minecraft:item: Object did not get ID it asked for. Name: cataclysm:curved_azure_seastone_scylla_9 Expected: 3519 Got: 10265
[20Jun2025 08:04:13.570] [main/WARN] [net.minecraftforge.registries.ForgeRegistry/REGISTRIES]: Registry minecraft:item: Object did not get ID it asked for. Name: cataclysm:lacrima Expected: 3542 Got: 10266
[20Jun2025 08:04:13.570] [main/WARN] [net.minecraftforge.registries.ForgeRegistry/REGISTRIES]: Registry minecraft:item: Object did not get ID it asked for. Name: cataclysm:essence_of_the_storm Expected: 3543 Got: 10267
[20Jun2025 08:04:13.570] [main/WARN] [net.minecraftforge.registries.ForgeRegistry/REGISTRIES]: Registry minecraft:item: Object did not get ID it asked for. Name: cataclysm:azure_sea_shield Expected: 3559 Got: 10268
[20Jun2025 08:04:13.570] [main/WARN] [net.minecraftforge.registries.ForgeRegistry/REGISTRIES]: Registry minecraft:item: Object did not get ID it asked for. Name: cataclysm:chitin_claw Expected: 3566 Got: 10269
[20Jun2025 08:04:13.570] [main/WARN] [net.minecraftforge.registries.ForgeRegistry/REGISTRIES]: Registry minecraft:item: Object did not get ID it asked for. Name: cataclysm:astrape Expected: 3571 Got: 10270
[20Jun2025 08:04:13.570] [main/WARN] [net.minecraftforge.registries.ForgeRegistry/REGISTRIES]: Registry minecraft:item: Object did not get ID it asked for. Name: cataclysm:ceraunus Expected: 3572 Got: 10271
[20Jun2025 08:04:13.570] [main/WARN] [net.minecraftforge.registries.ForgeRegistry/REGISTRIES]: Registry minecraft:item: Object did not get ID it asked for. Name: cataclysm:strange_key Expected: 3599 Got: 10272
[20Jun2025 08:04:13.570] [main/WARN] [net.minecraftforge.registries.ForgeRegistry/REGISTRIES]: Registry minecraft:item: Object did not get ID it asked for. Name: cataclysm:music_disc_scylla Expected: 3627 Got: 10273
[20Jun2025 08:04:13.571] [main/WARN] [net.minecraftforge.registries.ForgeRegistry/REGISTRIES]: Registry minecraft:item: Object did not get ID it asked for. Name: cataclysm:music_disc_the_cataclysmfarer Expected: 3628 Got: 10274
[20Jun2025 08:04:13.571] [main/WARN] [net.minecraftforge.registries.ForgeRegistry/REGISTRIES]: Registry minecraft:item: Object did not get ID it asked for. Name: cataclysm:storm_eye Expected: 3636 Got: 10275
[20Jun2025 08:04:13.571] [main/WARN] [net.minecraftforge.registries.ForgeRegistry/REGISTRIES]: Registry minecraft:item: Object did not get ID it asked for. Name: cataclysm:urchin_spike Expected: 3642 Got: 10276
[20Jun2025 08:04:13.571] [main/WARN] [net.minecraftforge.registries.ForgeRegistry/REGISTRIES]: Registry minecraft:item: Object did not get ID it asked for. Name: cataclysm:blood_clot Expected: 3643 Got: 10277
[20Jun2025 08:04:13.571] [main/WARN] [net.minecraftforge.registries.ForgeRegistry/REGISTRIES]: Registry minecraft:item: Object did not get ID it asked for. Name: cataclysm:scylla_spawn_egg Expected: 3680 Got: 10278
[20Jun2025 08:04:13.571] [main/WARN] [net.minecraftforge.registries.ForgeRegistry/REGISTRIES]: Registry minecraft:item: Object did not get ID it asked for. Name: cataclysm:clawdian_spawn_egg Expected: 3681 Got: 10279
[20Jun2025 08:04:13.571] [main/WARN] [net.minecraftforge.registries.ForgeRegistry/REGISTRIES]: Registry minecraft:item: Object did not get ID it asked for. Name: cataclysm:hippocamtus_spawn_egg Expected: 3682 Got: 10280
[20Jun2025 08:04:13.571] [main/WARN] [net.minecraftforge.registries.ForgeRegistry/REGISTRIES]: Registry minecraft:item: Object did not get ID it asked for. Name: cataclysm:cindaria_spawn_egg Expected: 3683 Got: 10281
[20Jun2025 08:04:13.571] [main/WARN] [net.minecraftforge.registries.ForgeRegistry/REGISTRIES]: Registry minecraft:item: Object did not get ID it asked for. Name: cataclysm:octohost_spawn_egg Expected: 3684 Got: 10282
[20Jun2025 08:04:13.571] [main/WARN] [net.minecraftforge.registries.ForgeRegistry/REGISTRIES]: Registry minecraft:item: Object did not get ID it asked for. Name: cataclysm:symbiocto_spawn_egg Expected: 3685 Got: 10283
[20Jun2025 08:04:13.571] [main/WARN] [net.minecraftforge.registries.ForgeRegistry/REGISTRIES]: Registry minecraft:item: Object did not get ID it asked for. Name: cataclysm:urchinkin_spawn_egg Expected: 3686 Got: 10284
[20Jun2025 08:04:13.571] [main/WARN] [net.minecraftforge.registries.ForgeRegistry/REGISTRIES]: Registry minecraft:item: Object did not get ID it asked for. Name: cataclysm:boss_respawner Expected: 3691 Got: 10285
[20Jun2025 08:04:13.571] [main/WARN] [net.minecraftforge.registries.ForgeRegistry/REGISTRIES]: Registry minecraft:item: Object did not get ID it asked for. Name: cataclysm:goddess_statue Expected: 3695 Got: 10286
[20Jun2025 08:04:13.571] [main/WARN] [net.minecraftforge.registries.ForgeRegistry/REGISTRIES]: Registry minecraft:item: Object did not get ID it asked for. Name: the_deep_void:misanthropic_hivemind_spawn_egg Expected: 5931 Got: 10287
[20Jun2025 08:04:13.572] [main/WARN] [net.minecraftforge.registries.ForgeRegistry/REGISTRIES]: Registry minecraft:item: Object did not get ID it asked for. Name: the_deep_void:pitch_black Expected: 5932 Got: 10288
[20Jun2025 08:04:13.572] [main/WARN] [net.minecraftforge.registries.ForgeRegistry/REGISTRIES]: Registry minecraft:item: Object did not get ID it asked for. Name: the_deep_void:misanthropic_hivemind_treasure_bag Expected: 5933 Got: 10289
[20Jun2025 08:04:13.572] [main/WARN] [net.minecraftforge.registries.ForgeRegistry/REGISTRIES]: Registry minecraft:item: Object did not get ID it asked for. Name: the_deep_void:flesh_fangs_spawn_egg Expected: 5934 Got: 10290
[20Jun2025 08:04:13.572] [main/WARN] [net.minecraftforge.registries.ForgeRegistry/REGISTRIES]: Registry minecraft:item: Object did not get ID it asked for. Name: the_deep_void:gore_expectorator_spawn_egg Expected: 5935 Got: 10291
[20Jun2025 08:04:13.572] [main/WARN] [net.minecraftforge.registries.ForgeRegistry/REGISTRIES]: Registry minecraft:item: Object did not get ID it asked for. Name: the_deep_void:hive_brain_spawn_egg Expected: 5936 Got: 10292
[20Jun2025 08:04:13.572] [main/WARN] [net.minecraftforge.registries.ForgeRegistry/REGISTRIES]: Registry minecraft:item: Object did not get ID it asked for. Name: the_deep_void:flesh_bone Expected: 5937 Got: 10293
[20Jun2025 08:04:13.572] [main/WARN] [net.minecraftforge.registries.ForgeRegistry/REGISTRIES]: Registry minecraft:item: Object did not get ID it asked for. Name: the_deep_void:animosity Expected: 5938 Got: 10294
[20Jun2025 08:04:13.572] [main/WARN] [net.minecraftforge.registries.ForgeRegistry/REGISTRIES]: Registry minecraft:item: Object did not get ID it asked for. Name: the_deep_void:animosity_hidden Expected: 5939 Got: 10295
[20Jun2025 08:04:13.572] [main/WARN] [net.minecraftforge.registries.ForgeRegistry/REGISTRIES]: Registry minecraft:item: Object did not get ID it asked for. Name: the_deep_void:bloody_rib_cage_chestplate Expected: 5940 Got: 10296
[20Jun2025 08:04:13.572] [main/WARN] [net.minecraftforge.registries.ForgeRegistry/REGISTRIES]: Registry minecraft:item: Object did not get ID it asked for. Name: the_deep_void:eyekin_saddle Expected: 5941 Got: 10297
[20Jun2025 08:04:13.572] [main/WARN] [net.minecraftforge.registries.ForgeRegistry/REGISTRIES]: Registry minecraft:item: Object did not get ID it asked for. Name: the_deep_void:peeping_stem Expected: 5942 Got: 10298
[20Jun2025 08:04:13.572] [main/WARN] [net.minecraftforge.registries.ForgeRegistry/REGISTRIES]: Registry minecraft:item: Object did not get ID it asked for. Name: the_deep_void:active_flesh_block Expected: 5943 Got: 10299
[20Jun2025 08:04:13.572] [main/WARN] [net.minecraftforge.registries.ForgeRegistry/REGISTRIES]: Registry minecraft:item: Object did not get ID it asked for. Name: the_deep_void:brown_eye_vine Expected: 5944 Got: 10300
[20Jun2025 08:04:13.573] [main/WARN] [net.minecraftforge.registries.ForgeRegistry/REGISTRIES]: Registry minecraft:item: Object did not get ID it asked for. Name: the_deep_void:purple_eye_vine Expected: 5945 Got: 10301
[20Jun2025 08:04:13.573] [main/WARN] [net.minecraftforge.registries.ForgeRegistry/REGISTRIES]: Registry minecraft:item: Object did not get ID it asked for. Name: the_deep_void:big_brown_eye Expected: 5946 Got: 10302
[20Jun2025 08:04:13.573] [main/WARN] [net.minecraftforge.registries.ForgeRegistry/REGISTRIES]: Registry minecraft:item: Object did not get ID it asked for. Name: the_deep_void:big_purple_eye Expected: 5947 Got: 10303
[20Jun2025 08:04:13.573] [main/WARN] [net.minecraftforge.registries.ForgeRegistry/REGISTRIES]: Registry minecraft:mob_effect: Object did not get ID it asked for. Name: cataclysm:wetness Expected: 63 Got: 179
[20Jun2025 08:04:13.573] [main/WARN] [net.minecraftforge.registries.ForgeRegistry/REGISTRIES]: Registry minecraft:mob_effect: Object did not get ID it asked for. Name: the_deep_void:pitch_black_music Expected: 123 Got: 180
[20Jun2025 08:04:13.574] [main/WARN] [net.minecraftforge.registries.ForgeRegistry/REGISTRIES]: Registry minecraft:sound_event: Object did not get ID it asked for. Name: cataclysm:cindaria_hurt Expected: 1873 Got: 3556
[20Jun2025 08:04:13.574] [main/WARN] [net.minecraftforge.registries.ForgeRegistry/REGISTRIES]: Registry minecraft:sound_event: Object did not get ID it asked for. Name: cataclysm:cindaria_death Expected: 1874 Got: 3557
[20Jun2025 08:04:13.574] [main/WARN] [net.minecraftforge.registries.ForgeRegistry/REGISTRIES]: Registry minecraft:sound_event: Object did not get ID it asked for. Name: cataclysm:hippocamtus_hurt Expected: 1875 Got: 3558
[20Jun2025 08:04:13.574] [main/WARN] [net.minecraftforge.registries.ForgeRegistry/REGISTRIES]: Registry minecraft:sound_event: Object did not get ID it asked for. Name: cataclysm:hippocamtus_death Expected: 1876 Got: 3559
[20Jun2025 08:04:13.575] [main/WARN] [net.minecraftforge.registries.ForgeRegistry/REGISTRIES]: Registry minecraft:sound_event: Object did not get ID it asked for. Name: cataclysm:hippocamtus_idle Expected: 1877 Got: 3560
[20Jun2025 08:04:13.575] [main/WARN] [net.minecraftforge.registries.ForgeRegistry/REGISTRIES]: Registry minecraft:sound_event: Object did not get ID it asked for. Name: cataclysm:scylla_hurt Expected: 1878 Got: 3561
[20Jun2025 08:04:13.575] [main/WARN] [net.minecraftforge.registries.ForgeRegistry/REGISTRIES]: Registry minecraft:sound_event: Object did not get ID it asked for. Name: cataclysm:scylla_death Expected: 1879 Got: 3562
[20Jun2025 08:04:13.575] [main/WARN] [net.minecraftforge.registries.ForgeRegistry/REGISTRIES]: Registry minecraft:sound_event: Object did not get ID it asked for. Name: cataclysm:scylla_roar Expected: 1880 Got: 3563
[20Jun2025 08:04:13.575] [main/WARN] [net.minecraftforge.registries.ForgeRegistry/REGISTRIES]: Registry minecraft:sound_event: Object did not get ID it asked for. Name: cataclysm:scylla_music Expected: 1883 Got: 3564
[20Jun2025 08:04:13.575] [main/WARN] [net.minecraftforge.registries.ForgeRegistry/REGISTRIES]: Registry minecraft:sound_event: Object did not get ID it asked for. Name: cataclysm:scylla_music_disc Expected: 1884 Got: 3565
[20Jun2025 08:04:13.575] [main/WARN] [net.minecraftforge.registries.ForgeRegistry/REGISTRIES]: Registry minecraft:sound_event: Object did not get ID it asked for. Name: cataclysm:parry Expected: 1894 Got: 3566
[20Jun2025 08:04:13.575] [main/WARN] [net.minecraftforge.registries.ForgeRegistry/REGISTRIES]: Registry minecraft:sound_event: Object did not get ID it asked for. Name: cataclysm:heavy_smash Expected: 1895 Got: 3567
[20Jun2025 08:04:13.575] [main/WARN] [net.minecraftforge.registries.ForgeRegistry/REGISTRIES]: Registry minecraft:sound_event: Object did not get ID it asked for. Name: cataclysm:super_lightning Expected: 1896 Got: 3568
[20Jun2025 08:04:13.575] [main/WARN] [net.minecraftforge.registries.ForgeRegistry/REGISTRIES]: Registry minecraft:sound_event: Object did not get ID it asked for. Name: cataclysm:the_cataclysmfarer Expected: 1897 Got: 3569
[20Jun2025 08:04:13.575] [main/WARN] [net.minecraftforge.registries.ForgeRegistry/REGISTRIES]: Registry minecraft:sound_event: Object did not get ID it asked for. Name: the_deep_void:pitch_black Expected: 2458 Got: 3570
[20Jun2025 08:04:13.575] [main/WARN] [net.minecraftforge.registries.ForgeRegistry/REGISTRIES]: Registry minecraft:sound_event: Object did not get ID it asked for. Name: the_deep_void:hivemind_ambient Expected: 2459 Got: 3571
[20Jun2025 08:04:13.575] [main/WARN] [net.minecraftforge.registries.ForgeRegistry/REGISTRIES]: Registry minecraft:sound_event: Object did not get ID it asked for. Name: the_deep_void:hivemind_hurt Expected: 2460 Got: 3572
[20Jun2025 08:04:13.575] [main/WARN] [net.minecraftforge.registries.ForgeRegistry/REGISTRIES]: Registry minecraft:sound_event: Object did not get ID it asked for. Name: the_deep_void:hivemind_scream Expected: 2461 Got: 3573
[20Jun2025 08:04:13.575] [main/WARN] [net.minecraftforge.registries.ForgeRegistry/REGISTRIES]: Registry minecraft:sound_event: Object did not get ID it asked for. Name: the_deep_void:eyekin_wing_flap Expected: 2462 Got: 3574
[20Jun2025 08:04:13.576] [main/WARN] [net.minecraftforge.registries.ForgeRegistry/REGISTRIES]: Registry minecraft:entity_type: Object did not get ID it asked for. Name: cataclysm:lightning_storm Expected: 257 Got: 844
[20Jun2025 08:04:13.576] [main/WARN] [net.minecraftforge.registries.ForgeRegistry/REGISTRIES]: Registry minecraft:entity_type: Object did not get ID it asked for. Name: cataclysm:urchin_spike Expected: 287 Got: 845
[20Jun2025 08:04:13.576] [main/WARN] [net.minecraftforge.registries.ForgeRegistry/REGISTRIES]: Registry minecraft:entity_type: Object did not get ID it asked for. Name: cataclysm:spark Expected: 288 Got: 846
[20Jun2025 08:04:13.576] [main/WARN] [net.minecraftforge.registries.ForgeRegistry/REGISTRIES]: Registry minecraft:entity_type: Object did not get ID it asked for. Name: cataclysm:lightning_area_effect Expected: 294 Got: 847
[20Jun2025 08:04:13.576] [main/WARN] [net.minecraftforge.registries.ForgeRegistry/REGISTRIES]: Registry minecraft:entity_type: Object did not get ID it asked for. Name: cataclysm:wave Expected: 297 Got: 848
[20Jun2025 08:04:13.577] [main/WARN] [net.minecraftforge.registries.ForgeRegistry/REGISTRIES]: Registry minecraft:entity_type: Object did not get ID it asked for. Name: cataclysm:storm_serpent Expected: 298 Got: 849
[20Jun2025 08:04:13.577] [main/WARN] [net.minecraftforge.registries.ForgeRegistry/REGISTRIES]: Registry minecraft:entity_type: Object did not get ID it asked for. Name: cataclysm:accretion Expected: 309 Got: 850
[20Jun2025 08:04:13.577] [main/WARN] [net.minecraftforge.registries.ForgeRegistry/REGISTRIES]: Registry minecraft:entity_type: Object did not get ID it asked for. Name: cataclysm:scylla_ceraunus Expected: 317 Got: 851
[20Jun2025 08:04:13.577] [main/WARN] [net.minecraftforge.registries.ForgeRegistry/REGISTRIES]: Registry minecraft:entity_type: Object did not get ID it asked for. Name: cataclysm:player_ceraunus Expected: 318 Got: 852
[20Jun2025 08:04:13.577] [main/WARN] [net.minecraftforge.registries.ForgeRegistry/REGISTRIES]: Registry minecraft:entity_type: Object did not get ID it asked for. Name: cataclysm:hippocamtus Expected: 343 Got: 853
[20Jun2025 08:04:13.577] [main/WARN] [net.minecraftforge.registries.ForgeRegistry/REGISTRIES]: Registry minecraft:entity_type: Object did not get ID it asked for. Name: cataclysm:cindaria Expected: 344 Got: 854
[20Jun2025 08:04:13.577] [main/WARN] [net.minecraftforge.registries.ForgeRegistry/REGISTRIES]: Registry minecraft:entity_type: Object did not get ID it asked for. Name: cataclysm:clawdian Expected: 345 Got: 855
[20Jun2025 08:04:13.577] [main/WARN] [net.minecraftforge.registries.ForgeRegistry/REGISTRIES]: Registry minecraft:entity_type: Object did not get ID it asked for. Name: cataclysm:scylla Expected: 346 Got: 856
[20Jun2025 08:04:13.577] [main/WARN] [net.minecraftforge.registries.ForgeRegistry/REGISTRIES]: Registry minecraft:entity_type: Object did not get ID it asked for. Name: cataclysm:urchinkin Expected: 347 Got: 857
[20Jun2025 08:04:13.577] [main/WARN] [net.minecraftforge.registries.ForgeRegistry/REGISTRIES]: Registry minecraft:entity_type: Object did not get ID it asked for. Name: cataclysm:drowned_host Expected: 348 Got: 858
[20Jun2025 08:04:13.577] [main/WARN] [net.minecraftforge.registries.ForgeRegistry/REGISTRIES]: Registry minecraft:entity_type: Object did not get ID it asked for. Name: cataclysm:symbiocto Expected: 349 Got: 859
[20Jun2025 08:04:13.577] [main/WARN] [net.minecraftforge.registries.ForgeRegistry/REGISTRIES]: Registry minecraft:entity_type: Object did not get ID it asked for. Name: cataclysm:octo_ink Expected: 350 Got: 860
[20Jun2025 08:04:13.577] [main/WARN] [net.minecraftforge.registries.ForgeRegistry/REGISTRIES]: Registry minecraft:entity_type: Object did not get ID it asked for. Name: cataclysm:water_spear Expected: 351 Got: 861
[20Jun2025 08:04:13.577] [main/WARN] [net.minecraftforge.registries.ForgeRegistry/REGISTRIES]: Registry minecraft:entity_type: Object did not get ID it asked for. Name: cataclysm:lightning_spear Expected: 352 Got: 862
[20Jun2025 08:04:13.578] [main/WARN] [net.minecraftforge.registries.ForgeRegistry/REGISTRIES]: Registry minecraft:entity_type: Object did not get ID it asked for. Name: the_deep_void:misanthropic_hivemind Expected: 511 Got: 863
[20Jun2025 08:04:13.578] [main/WARN] [net.minecraftforge.registries.ForgeRegistry/REGISTRIES]: Registry minecraft:entity_type: Object did not get ID it asked for. Name: the_deep_void:flesh_fangs Expected: 512 Got: 864
[20Jun2025 08:04:13.578] [main/WARN] [net.minecraftforge.registries.ForgeRegistry/REGISTRIES]: Registry minecraft:entity_type: Object did not get ID it asked for. Name: the_deep_void:gore_expectorator Expected: 513 Got: 865
[20Jun2025 08:04:13.578] [main/WARN] [net.minecraftforge.registries.ForgeRegistry/REGISTRIES]: Registry minecraft:entity_type: Object did not get ID it asked for. Name: the_deep_void:blood_spit Expected: 514 Got: 866
[20Jun2025 08:04:13.578] [main/WARN] [net.minecraftforge.registries.ForgeRegistry/REGISTRIES]: Registry minecraft:entity_type: Object did not get ID it asked for. Name: the_deep_void:hive_brain Expected: 515 Got: 867
[20Jun2025 08:04:13.578] [main/WARN] [net.minecraftforge.registries.ForgeRegistry/REGISTRIES]: Registry minecraft:entity_type: Object did not get ID it asked for. Name: the_deep_void:rideable_eyekin Expected: 516 Got: 868
[20Jun2025 08:04:13.578] [main/WARN] [net.minecraftforge.registries.ForgeRegistry/REGISTRIES]: Registry minecraft:entity_type: Object did not get ID it asked for. Name: the_deep_void:rideable_flying_eyekin Expected: 517 Got: 869
[20Jun2025 08:04:13.885] [main/WARN] [net.minecraft.server.packs.VanillaPackResourcesBuilder/]: Assets URL 'union:/workspaces/server1/servidor_minecraft/libraries/net/minecraft/server/1.20.1-20230612.114412/server-1.20.1-20230612.114412-srg.jar%23379!/assets/.mcassetsroot' uses unexpected schema
[20Jun2025 08:04:13.885] [main/WARN] [net.minecraft.server.packs.VanillaPackResourcesBuilder/]: Assets URL 'union:/workspaces/server1/servidor_minecraft/libraries/net/minecraft/server/1.20.1-20230612.114412/server-1.20.1-20230612.114412-srg.jar%23379!/data/.mcassetsroot' uses unexpected schema
[20Jun2025 08:04:14.044] [main/INFO] [com.simibubi.create.Create/]: Created 732 recipes which will be injected into the game
[20Jun2025 08:04:14.057] [main/INFO] [com.simibubi.create.Create/]: Created 17 tags which will be injected into the game
[20Jun2025 08:04:15.100] [main/INFO] [com.teamabnormals.blueprint.core.Blueprint/]: Successfully loaded 0 data remolders!
[20Jun2025 08:04:16.049] [main/INFO] [bettervillage/]: StructureSet modified for minecraft:village : Now using custom village configuration (can be disabled in the better villages config: boolean.villages.enabled_custom_config).
[20Jun2025 08:04:17.346] [main/INFO] [MythsAndLegends/]: Registered Myths and Legends commands
[20Jun2025 08:04:17.346] [main/INFO] [APTweaks(Core)/]: Registering /aptweaks commands for Adaptive Performance Tweaks: Core ...
[20Jun2025 08:04:17.419] [main/INFO] [APTweaks(Items)/]: Registering /aptweaks commands for Adaptive Performance Tweaks: Items ...
[20Jun2025 08:04:17.554] [main/INFO] [com.github.alexthe666.alexsmobs.AlexsMobs/]: Adding datapack listener capsid_recipes
[20Jun2025 08:04:17.620] [Worker-Main-3/WARN] [HammerLib/]: Unable to find registry for tag directory tags/worldgen/feature_size_type
[20Jun2025 08:04:17.621] [Worker-Main-1/WARN] [HammerLib/]: Unable to find registry for tag directory tags/loot_nbt_provider_type
[20Jun2025 08:04:17.622] [Worker-Main-2/INFO] [HammerLib/]: Built tags for registry minecraft:worldgen/tree_decorator_type
[20Jun2025 08:04:17.635] [Worker-Main-1/INFO] [HammerLib/]: Built tags for registry minecraft:menu
[20Jun2025 08:04:17.637] [Worker-Main-2/WARN] [HammerLib/]: Unable to find registry for tag directory tags/worldgen/multi_noise_biome_source_parameter_list
[20Jun2025 08:04:17.645] [Worker-Main-3/WARN] [HammerLib/]: Unable to find registry for tag directory tags/worldgen/structure_placement
[20Jun2025 08:04:17.646] [Worker-Main-2/WARN] [HammerLib/]: Unable to find registry for tag directory tags/decorated_pot_patterns
[20Jun2025 08:04:17.651] [Worker-Main-1/WARN] [HammerLib/]: Unable to find registry for tag directory tags/forge/biome_modifier
[20Jun2025 08:04:17.660] [Worker-Main-3/INFO] [HammerLib/]: Built tags for registry minecraft:mob_effect
[20Jun2025 08:04:17.663] [Worker-Main-2/WARN] [HammerLib/]: Unable to find registry for tag directory tags/worldgen/structure_type
[20Jun2025 08:04:17.666] [Worker-Main-1/WARN] [HammerLib/]: Unable to find registry for tag directory tags/create/fan_processing_type
[20Jun2025 08:04:17.673] [Worker-Main-2/WARN] [HammerLib/]: Unable to find registry for tag directory tags/worldgen/material_condition
[20Jun2025 08:04:17.681] [Worker-Main-3/WARN] [HammerLib/]: Unable to find registry for tag directory tags/trim_pattern
[20Jun2025 08:04:17.688] [Worker-Main-2/WARN] [HammerLib/]: Unable to find registry for tag directory tags/game_events
[20Jun2025 08:04:17.689] [Worker-Main-3/WARN] [HammerLib/]: Unable to find registry for tag directory tags/worldgen/density_function
[20Jun2025 08:04:17.692] [Worker-Main-1/WARN] [HammerLib/]: Unable to find registry for tag directory tags/worldgen/template_pool
[20Jun2025 08:04:17.702] [Worker-Main-1/INFO] [HammerLib/]: Built tags for registry minecraft:villager_profession
[20Jun2025 08:04:17.707] [Worker-Main-3/INFO] [HammerLib/]: Built tags for registry minecraft:particle_type
[20Jun2025 08:04:17.710] [Worker-Main-2/INFO] [HammerLib/]: Built tags for registry minecraft:painting_variant
[20Jun2025 08:04:17.714] [Worker-Main-1/WARN] [HammerLib/]: Unable to find registry for tag directory tags/pos_rule_test
[20Jun2025 08:04:17.724] [Worker-Main-3/INFO] [HammerLib/]: Built tags for registry minecraft:block_entity_type
[20Jun2025 08:04:17.725] [Worker-Main-2/WARN] [HammerLib/]: Unable to find registry for tag directory tags/banner_pattern
[20Jun2025 08:04:17.728] [Worker-Main-1/INFO] [HammerLib/]: Built tags for registry lithostitched:modifier_predicate_type
[20Jun2025 08:04:17.737] [Worker-Main-2/WARN] [HammerLib/]: Unable to find registry for tag directory tags/lionfishapi/modded_biome_slices
[20Jun2025 08:04:17.738] [Worker-Main-3/WARN] [HammerLib/]: Unable to find registry for tag directory tags/worldgen/density_function_type
[20Jun2025 08:04:17.745] [Worker-Main-1/WARN] [HammerLib/]: Unable to find registry for tag directory tags/moonlight/map_markers
[20Jun2025 08:04:17.748] [Worker-Main-2/WARN] [HammerLib/]: Unable to find registry for tag directory tags/chat_type
[20Jun2025 08:04:17.757] [Worker-Main-1/WARN] [HammerLib/]: Unable to find registry for tag directory tags/position_source_type
[20Jun2025 08:04:17.758] [Worker-Main-3/WARN] [HammerLib/]: Unable to find registry for tag directory tags/rule_test
[20Jun2025 08:04:17.762] [Worker-Main-2/INFO] [HammerLib/]: Built tags for registry forge:fluid_type
[20Jun2025 08:04:17.776] [Worker-Main-1/WARN] [HammerLib/]: Unable to find registry for tag directory tags/create/potato_projectile/block_hit_action
[20Jun2025 08:04:17.780] [Worker-Main-3/WARN] [HammerLib/]: Unable to find registry for tag directory tags/int_provider_type
[20Jun2025 08:04:17.780] [Worker-Main-2/WARN] [HammerLib/]: Unable to find registry for tag directory tags/instrument
[20Jun2025 08:04:17.784] [Worker-Main-1/INFO] [HammerLib/]: Built tags for registry minecraft:schedule
[20Jun2025 08:04:17.797] [Worker-Main-2/WARN] [HammerLib/]: Unable to find registry for tag directory tags/trim_material
[20Jun2025 08:04:17.798] [Worker-Main-3/WARN] [HammerLib/]: Unable to find registry for tag directory tags/worldgen/noise
[20Jun2025 08:04:17.809] [Worker-Main-3/WARN] [HammerLib/]: Unable to find registry for tag directory tags/worldgen/biome_source
[20Jun2025 08:04:17.810] [Worker-Main-2/WARN] [HammerLib/]: Unable to find registry for tag directory tags/loot_score_provider_type
[20Jun2025 08:04:17.817] [Worker-Main-2/INFO] [HammerLib/]: Built tags for registry minecraft:worldgen/block_state_provider_type
[20Jun2025 08:04:17.819] [Worker-Main-3/INFO] [HammerLib/]: Built tags for registry minecraft:attribute
[20Jun2025 08:04:17.827] [Worker-Main-2/INFO] [HammerLib/]: Built tags for registry minecraft:worldgen/carver
[20Jun2025 08:04:17.830] [Worker-Main-3/WARN] [HammerLib/]: Unable to find registry for tag directory tags/worldgen/structure_pool_element
[20Jun2025 08:04:17.839] [Worker-Main-2/WARN] [HammerLib/]: Unable to find registry for tag directory tags/create/arm_interaction_point_type
[20Jun2025 08:04:17.841] [Worker-Main-3/WARN] [HammerLib/]: Unable to find registry for tag directory tags/dimension
[20Jun2025 08:04:17.862] [Worker-Main-2/WARN] [HammerLib/]: Unable to find registry for tag directory tags/cat_variant
[20Jun2025 08:04:17.866] [Worker-Main-3/WARN] [HammerLib/]: Unable to find registry for tag directory tags/loot_function_type
[20Jun2025 08:04:17.871] [Worker-Main-2/WARN] [HammerLib/]: Unable to find registry for tag directory tags/custom_stat
[20Jun2025 08:04:17.877] [Worker-Main-3/WARN] [HammerLib/]: Unable to find registry for tag directory tags/corgilib/villager_trades_item_listing
[20Jun2025 08:04:17.882] [Worker-Main-3/WARN] [HammerLib/]: Unable to find registry for tag directory tags/create/display_target
[20Jun2025 08:04:17.885] [Worker-Main-2/WARN] [HammerLib/]: Unable to find registry for tag directory tags/corgilib/condition
[20Jun2025 08:04:17.893] [Worker-Main-3/INFO] [HammerLib/]: Built tags for registry minecraft:potion
[20Jun2025 08:04:17.897] [Worker-Main-2/WARN] [HammerLib/]: Unable to find registry for tag directory tags/create/potato_projectile/entity_hit_action
[20Jun2025 08:04:17.904] [Worker-Main-3/WARN] [HammerLib/]: Unable to find registry for tag directory tags/height_provider_type
[20Jun2025 08:04:17.907] [Worker-Main-2/INFO] [HammerLib/]: Built tags for registry minecraft:worldgen/feature
[20Jun2025 08:04:17.916] [Worker-Main-3/INFO] [HammerLib/]: Built tags for registry minecraft:fluid
[20Jun2025 08:04:17.924] [Worker-Main-2/WARN] [HammerLib/]: Unable to find registry for tag directory tags/create/mounted_item_storage_type
[20Jun2025 08:04:17.932] [Worker-Main-3/WARN] [HammerLib/]: Unable to find registry for tag directory tags/blueprint/structure_repaletters
[20Jun2025 08:04:17.939] [Worker-Main-2/WARN] [HammerLib/]: Unable to find registry for tag directory tags/worldgen/structure_piece
[20Jun2025 08:04:17.944] [Worker-Main-3/INFO] [HammerLib/]: Built tags for registry lithostitched:placement_condition_type
[20Jun2025 08:04:17.950] [Worker-Main-2/WARN] [HammerLib/]: Unable to find registry for tag directory tags/moonlight/soft_fluids
[20Jun2025 08:04:17.956] [Worker-Main-3/WARN] [HammerLib/]: Unable to find registry for tag directory tags/dimension_type
[20Jun2025 08:04:17.963] [Worker-Main-2/INFO] [HammerLib/]: Built tags for registry forge:global_loot_modifier_serializers
[20Jun2025 08:04:17.963] [Worker-Main-1/INFO] [HammerLib/]: Built tags for registry minecraft:item
[20Jun2025 08:04:17.967] [Worker-Main-3/WARN] [HammerLib/]: Unable to find registry for tag directory tags/villager_type
[20Jun2025 08:04:17.974] [Worker-Main-2/WARN] [HammerLib/]: Unable to find registry for tag directory tags/forge/structure_modifier
[20Jun2025 08:04:17.973] [Worker-Main-3/WARN] [HammerLib/]: Unable to find registry for tag directory tags/loot_number_provider_type
[20Jun2025 08:04:17.985] [Worker-Main-2/INFO] [HammerLib/]: Built tags for registry minecraft:memory_module_type
[20Jun2025 08:04:17.984] [Worker-Main-3/INFO] [HammerLib/]: Built tags for registry minecraft:sensor_type
[20Jun2025 08:04:17.994] [Worker-Main-2/WARN] [HammerLib/]: Unable to find registry for tag directory tags/worldgen/chunk_generator
[20Jun2025 08:04:17.995] [Worker-Main-3/WARN] [HammerLib/]: Unable to find registry for tag directory tags/create/contraption_type
[20Jun2025 08:04:18.008] [Worker-Main-2/WARN] [HammerLib/]: Unable to find registry for tag directory tags/create/mounted_fluid_storage_type
[20Jun2025 08:04:18.009] [Worker-Main-3/WARN] [HammerLib/]: Unable to find registry for tag directory tags/worldgen/flat_level_generator_preset
[20Jun2025 08:04:18.019] [Worker-Main-1/WARN] [HammerLib/]: Unable to find registry for tag directory tags/worldgen/configured_carver
[20Jun2025 08:04:18.025] [Worker-Main-3/WARN] [HammerLib/]: Unable to find registry for tag directory tags/worldgen/noise_settings
[20Jun2025 08:04:18.026] [Worker-Main-2/WARN] [HammerLib/]: Unable to find registry for tag directory tags/blueprint/modded_biome_slices
[20Jun2025 08:04:18.035] [Worker-Main-2/WARN] [HammerLib/]: Unable to find registry for tag directory tags/create/item_attribute_type
[20Jun2025 08:04:18.037] [Worker-Main-1/WARN] [HammerLib/]: Unable to find registry for tag directory tags/loot_pool_entry_type
[20Jun2025 08:04:18.047] [Worker-Main-2/WARN] [HammerLib/]: Unable to find registry for tag directory tags/create/potato_projectile/render_mode
[20Jun2025 08:04:18.050] [Worker-Main-1/INFO] [HammerLib/]: Built tags for registry minecraft:point_of_interest_type
[20Jun2025 08:04:18.057] [Worker-Main-2/INFO] [HammerLib/]: Built tags for registry minecraft:recipe_type
[20Jun2025 08:04:18.063] [Worker-Main-2/WARN] [HammerLib/]: Unable to find registry for tag directory tags/rule_block_entity_modifier
[20Jun2025 08:04:18.069] [Worker-Main-1/WARN] [HammerLib/]: Unable to find registry for tag directory tags/worldgen/processor_list
[20Jun2025 08:04:18.070] [Worker-Main-2/WARN] [HammerLib/]: Unable to find registry for tag directory tags/float_provider_type
[20Jun2025 08:04:18.077] [Worker-Main-2/WARN] [HammerLib/]: Unable to find registry for tag directory tags/create/potato_projectile/type
[20Jun2025 08:04:18.087] [Worker-Main-2/WARN] [HammerLib/]: Unable to find registry for tag directory tags/worldgen/world_preset
[20Jun2025 08:04:18.088] [Worker-Main-1/INFO] [HammerLib/]: Built tags for registry lithostitched:modifier_type
[20Jun2025 08:04:18.099] [Worker-Main-1/WARN] [HammerLib/]: Unable to find registry for tag directory tags/frog_variant
[20Jun2025 08:04:18.100] [Worker-Main-2/INFO] [HammerLib/]: Built tags for registry lithostitched:processor_condition_type
[20Jun2025 08:04:18.106] [Worker-Main-1/INFO] [HammerLib/]: Built tags for registry forge:entity_data_serializers
[20Jun2025 08:04:18.118] [Worker-Main-1/INFO] [HammerLib/]: Built tags for registry minecraft:activity
[20Jun2025 08:04:18.132] [Worker-Main-1/WARN] [HammerLib/]: Unable to find registry for tag directory tags/worldgen/root_placer_type
[20Jun2025 08:04:18.136] [Worker-Main-1/WARN] [HammerLib/]: Unable to find registry for tag directory tags/block_predicate_type
[20Jun2025 08:04:18.141] [Worker-Main-1/WARN] [HammerLib/]: Unable to find registry for tag directory tags/worldgen/placement_modifier_type
[20Jun2025 08:04:18.152] [Worker-Main-1/WARN] [HammerLib/]: Unable to find registry for tag directory tags/damage_type
[20Jun2025 08:04:18.159] [Worker-Main-1/INFO] [HammerLib/]: Built tags for registry minecraft:stat_type
[20Jun2025 08:04:18.164] [Worker-Main-1/INFO] [HammerLib/]: Built tags for registry minecraft:worldgen/foliage_placer_type
[20Jun2025 08:04:18.168] [Worker-Main-1/WARN] [HammerLib/]: Unable to find registry for tag directory tags/creative_mode_tab
[20Jun2025 08:04:18.174] [Worker-Main-1/WARN] [HammerLib/]: Unable to find registry for tag directory tags/worldgen/structure_processor
[20Jun2025 08:04:18.179] [Worker-Main-1/WARN] [HammerLib/]: Unable to find registry for tag directory tags/corgilib/blending_function
[20Jun2025 08:04:18.185] [Worker-Main-1/INFO] [HammerLib/]: Built tags for registry minecraft:chunk_status
[20Jun2025 08:04:18.194] [Worker-Main-1/INFO] [HammerLib/]: Built tags for registry minecraft:recipe_serializer
[20Jun2025 08:04:18.209] [Worker-Main-1/WARN] [HammerLib/]: Unable to find registry for tag directory tags/lithostitched/worldgen_modifier
[20Jun2025 08:04:18.225] [Worker-Main-1/WARN] [HammerLib/]: Unable to find registry for tag directory tags/worldgen/trunk_placer_type
[20Jun2025 08:04:18.236] [Worker-Main-2/INFO] [HammerLib/]: Built tags for registry minecraft:worldgen/biome
[20Jun2025 08:04:18.239] [Worker-Main-1/WARN] [HammerLib/]: Unable to find registry for tag directory tags/worldgen/placed_feature
[20Jun2025 08:04:18.250] [Worker-Main-1/WARN] [HammerLib/]: Unable to find registry for tag directory tags/worldgen/material_rule
[20Jun2025 08:04:18.252] [Worker-Main-2/ERROR] [net.minecraft.tags.TagLoader/]: Couldn't load tag legendary_monsters:ancient_stronghold_biomes as it is missing following references: minecraft:spruce_forest (from legendarymonsters-1.9.7 MC 1.20.1.jar)
[20Jun2025 08:04:18.265] [Worker-Main-2/INFO] [HammerLib/]: Built tags for registry minecraft:enchantment
[20Jun2025 08:04:18.277] [Worker-Main-2/INFO] [HammerLib/]: Built tags for registry minecraft:command_argument_type
[20Jun2025 08:04:18.291] [Worker-Main-2/WARN] [HammerLib/]: Unable to find registry for tag directory tags/loot_condition_type
[20Jun2025 08:04:18.294] [Worker-Main-1/INFO] [HammerLib/]: Built tags for registry minecraft:entity_type
[20Jun2025 08:04:18.299] [Worker-Main-3/INFO] [HammerLib/]: Built tags for registry minecraft:block
[20Jun2025 08:04:18.316] [Worker-Main-1/WARN] [HammerLib/]: Unable to find registry for tag directory tags/create/display_source
[20Jun2025 08:04:18.336] [Worker-Main-1/WARN] [HammerLib/]: Unable to find registry for tag directory tags/worldgen/structure_set
[20Jun2025 08:04:18.331] [Worker-Main-2/WARN] [HammerLib/]: Unable to find registry for tag directory tags/worldgen/structure
[20Jun2025 08:04:18.344] [Worker-Main-3/WARN] [HammerLib/]: Unable to find registry for tag directory tags/worldgen/configured_feature
[20Jun2025 08:04:18.356] [Worker-Main-1/INFO] [HammerLib/]: Built tags for registry minecraft:sound_event
[20Jun2025 08:04:19.349] [Worker-Main-1/ERROR] [net.minecraftforge.common.ForgeHooks/]: Couldn't parse element loot_tables:adorn:blocks/cobblemon/apricorn_table
com.google.gson.JsonSyntaxException: Expected name to be an item, was unknown string 'adorn:cobblemon/apricorn_table'
	at net.minecraft.util.GsonHelper.m_13866_(GsonHelper.java:145) ~[server-1.20.1-20230612.114412-srg.jar%23379!/:?]
	at java.util.Optional.orElseThrow(Optional.java:403) ~[?:?]
	at net.minecraft.util.GsonHelper.m_13874_(GsonHelper.java:145) ~[server-1.20.1-20230612.114412-srg.jar%23379!/:?]
	at net.minecraft.util.GsonHelper.m_13909_(GsonHelper.java:153) ~[server-1.20.1-20230612.114412-srg.jar%23379!/:?]
	at net.minecraft.world.level.storage.loot.entries.LootItem$Serializer.m_7267_(LootItem.java:55) ~[server-1.20.1-20230612.114412-srg.jar%23379!/:?]
	at net.minecraft.world.level.storage.loot.entries.LootItem$Serializer.m_7267_(LootItem.java:40) ~[server-1.20.1-20230612.114412-srg.jar%23379!/:?]
	at net.minecraft.world.level.storage.loot.entries.LootPoolSingletonContainer$Serializer.m_5921_(LootPoolSingletonContainer.java:151) ~[server-1.20.1-20230612.114412-srg.jar%23379!/:?]
	at net.minecraft.world.level.storage.loot.entries.LootPoolSingletonContainer$Serializer.m_5921_(LootPoolSingletonContainer.java:129) ~[server-1.20.1-20230612.114412-srg.jar%23379!/:?]
	at net.minecraft.world.level.storage.loot.entries.LootPoolEntryContainer$Serializer.m_7561_(LootPoolEntryContainer.java:86) ~[server-1.20.1-20230612.114412-srg.jar%23379!/:?]
	at net.minecraft.world.level.storage.loot.entries.LootPoolEntryContainer$Serializer.m_7561_(LootPoolEntryContainer.java:74) ~[server-1.20.1-20230612.114412-srg.jar%23379!/:?]
	at net.minecraft.world.level.storage.loot.GsonAdapterFactory$JsonAdapter.deserialize(GsonAdapterFactory.java:102) ~[server-1.20.1-20230612.114412-srg.jar%23379!/:?]
	at com.google.gson.internal.bind.TreeTypeAdapter.read(TreeTypeAdapter.java:76) ~[gson-2.10.jar%2372!/:?]
	at com.google.gson.internal.bind.TypeAdapterRuntimeTypeWrapper.read(TypeAdapterRuntimeTypeWrapper.java:40) ~[gson-2.10.jar%2372!/:?]
	at com.google.gson.internal.bind.ArrayTypeAdapter.read(ArrayTypeAdapter.java:72) ~[gson-2.10.jar%2372!/:?]
	at com.google.gson.Gson.fromJson(Gson.java:1214) ~[gson-2.10.jar%2372!/:?]
	at com.google.gson.Gson.fromJson(Gson.java:1319) ~[gson-2.10.jar%2372!/:?]
	at com.google.gson.Gson.fromJson(Gson.java:1290) ~[gson-2.10.jar%2372!/:?]
	at com.google.gson.internal.bind.TreeTypeAdapter$GsonContextImpl.deserialize(TreeTypeAdapter.java:179) ~[gson-2.10.jar%2372!/:?]
	at net.minecraft.util.GsonHelper.m_13808_(GsonHelper.java:463) ~[server-1.20.1-20230612.114412-srg.jar%23379!/:?]
	at net.minecraft.util.GsonHelper.m_13836_(GsonHelper.java:471) ~[server-1.20.1-20230612.114412-srg.jar%23379!/:?]
	at net.minecraft.world.level.storage.loot.LootPool$Serializer.deserialize(LootPool.java:192) ~[server-1.20.1-20230612.114412-srg.jar%23379!/:?]
	at net.minecraft.world.level.storage.loot.LootPool$Serializer.deserialize(LootPool.java:189) ~[server-1.20.1-20230612.114412-srg.jar%23379!/:?]
	at com.google.gson.internal.bind.TreeTypeAdapter.read(TreeTypeAdapter.java:76) ~[gson-2.10.jar%2372!/:?]
	at com.google.gson.internal.bind.TypeAdapterRuntimeTypeWrapper.read(TypeAdapterRuntimeTypeWrapper.java:40) ~[gson-2.10.jar%2372!/:?]
	at com.google.gson.internal.bind.ArrayTypeAdapter.read(ArrayTypeAdapter.java:72) ~[gson-2.10.jar%2372!/:?]
	at com.google.gson.Gson.fromJson(Gson.java:1214) ~[gson-2.10.jar%2372!/:?]
	at com.google.gson.Gson.fromJson(Gson.java:1319) ~[gson-2.10.jar%2372!/:?]
	at com.google.gson.Gson.fromJson(Gson.java:1290) ~[gson-2.10.jar%2372!/:?]
	at com.google.gson.internal.bind.TreeTypeAdapter$GsonContextImpl.deserialize(TreeTypeAdapter.java:179) ~[gson-2.10.jar%2372!/:?]
	at net.minecraft.util.GsonHelper.m_13808_(GsonHelper.java:463) ~[server-1.20.1-20230612.114412-srg.jar%23379!/:?]
	at net.minecraft.util.GsonHelper.m_13845_(GsonHelper.java:481) ~[server-1.20.1-20230612.114412-srg.jar%23379!/:?]
	at net.minecraft.world.level.storage.loot.LootTable$Serializer.deserialize(LootTable.java:294) ~[server-1.20.1-20230612.114412-srg.jar%23379!/:?]
	at net.minecraft.world.level.storage.loot.LootTable$Serializer.deserialize(LootTable.java:291) ~[server-1.20.1-20230612.114412-srg.jar%23379!/:?]
	at com.google.gson.internal.bind.TreeTypeAdapter.read(TreeTypeAdapter.java:76) ~[gson-2.10.jar%2372!/:?]
	at com.google.gson.Gson.fromJson(Gson.java:1214) ~[gson-2.10.jar%2372!/:?]
	at com.google.gson.Gson.fromJson(Gson.java:1319) ~[gson-2.10.jar%2372!/:?]
	at com.google.gson.Gson.fromJson(Gson.java:1261) ~[gson-2.10.jar%2372!/:?]
	at net.minecraftforge.common.ForgeHooks.loadLootTable(ForgeHooks.java:871) ~[forge-1.20.1-47.4.0-universal.jar%23384!/:?]
	at net.minecraftforge.common.ForgeHooks.lambda$getLootTableDeserializer$3(ForgeHooks.java:848) ~[forge-1.20.1-47.4.0-universal.jar%23384!/:?]
	at net.minecraft.world.level.storage.loot.LootDataType.deserialize(LootDataType.java:45) ~[server-1.20.1-20230612.114412-srg.jar%23379!/:?]
	at net.minecraft.world.level.storage.loot.LootDataManager.lambda$scheduleElementParse$4(LootDataManager.java:56) ~[server-1.20.1-20230612.114412-srg.jar%23379!/:?]
	at net.minecraft.world.level.storage.loot.LootDataManager.md69263c$lambda$cobblemon$supportICondition$0$1(LootDataManager.java:1044) ~[server-1.20.1-20230612.114412-srg.jar%23379!/:?]
	at java.util.HashMap.forEach(HashMap.java:1421) ~[?:?]
	at net.minecraft.world.level.storage.loot.LootDataManager.redirect$zld000$cobblemon$supportICondition(LootDataManager.java:1034) ~[server-1.20.1-20230612.114412-srg.jar%23379!/:?]
	at net.minecraft.world.level.storage.loot.LootDataManager.m_278660_(LootDataManager.java:55) ~[server-1.20.1-20230612.114412-srg.jar%23379!/:?]
	at java.util.concurrent.CompletableFuture$AsyncRun.run(CompletableFuture.java:1804) ~[?:?]
	at java.util.concurrent.CompletableFuture$AsyncRun.exec(CompletableFuture.java:1796) ~[?:?]
	at java.util.concurrent.ForkJoinTask.doExec(ForkJoinTask.java:373) ~[?:?]
	at java.util.concurrent.ForkJoinPool$WorkQueue.topLevelExec(ForkJoinPool.java:1182) ~[?:?]
	at java.util.concurrent.ForkJoinPool.scan(ForkJoinPool.java:1655) ~[?:?]
	at java.util.concurrent.ForkJoinPool.runWorker(ForkJoinPool.java:1622) ~[?:?]
	at java.util.concurrent.ForkJoinWorkerThread.run(ForkJoinWorkerThread.java:165) ~[?:?]
[20Jun2025 08:04:19.424] [Worker-Main-1/ERROR] [net.minecraftforge.common.ForgeHooks/]: Couldn't parse element loot_tables:adorn:blocks/cobblemon/apricorn_kitchen_cupboard
com.google.gson.JsonSyntaxException: Expected name to be an item, was unknown string 'adorn:cobblemon/apricorn_kitchen_cupboard'
	at net.minecraft.util.GsonHelper.m_13866_(GsonHelper.java:145) ~[server-1.20.1-20230612.114412-srg.jar%23379!/:?]
	at java.util.Optional.orElseThrow(Optional.java:403) ~[?:?]
	at net.minecraft.util.GsonHelper.m_13874_(GsonHelper.java:145) ~[server-1.20.1-20230612.114412-srg.jar%23379!/:?]
	at net.minecraft.util.GsonHelper.m_13909_(GsonHelper.java:153) ~[server-1.20.1-20230612.114412-srg.jar%23379!/:?]
	at net.minecraft.world.level.storage.loot.entries.LootItem$Serializer.m_7267_(LootItem.java:55) ~[server-1.20.1-20230612.114412-srg.jar%23379!/:?]
	at net.minecraft.world.level.storage.loot.entries.LootItem$Serializer.m_7267_(LootItem.java:40) ~[server-1.20.1-20230612.114412-srg.jar%23379!/:?]
	at net.minecraft.world.level.storage.loot.entries.LootPoolSingletonContainer$Serializer.m_5921_(LootPoolSingletonContainer.java:151) ~[server-1.20.1-20230612.114412-srg.jar%23379!/:?]
	at net.minecraft.world.level.storage.loot.entries.LootPoolSingletonContainer$Serializer.m_5921_(LootPoolSingletonContainer.java:129) ~[server-1.20.1-20230612.114412-srg.jar%23379!/:?]
	at net.minecraft.world.level.storage.loot.entries.LootPoolEntryContainer$Serializer.m_7561_(LootPoolEntryContainer.java:86) ~[server-1.20.1-20230612.114412-srg.jar%23379!/:?]
	at net.minecraft.world.level.storage.loot.entries.LootPoolEntryContainer$Serializer.m_7561_(LootPoolEntryContainer.java:74) ~[server-1.20.1-20230612.114412-srg.jar%23379!/:?]
	at net.minecraft.world.level.storage.loot.GsonAdapterFactory$JsonAdapter.deserialize(GsonAdapterFactory.java:102) ~[server-1.20.1-20230612.114412-srg.jar%23379!/:?]
	at com.google.gson.internal.bind.TreeTypeAdapter.read(TreeTypeAdapter.java:76) ~[gson-2.10.jar%2372!/:?]
	at com.google.gson.internal.bind.TypeAdapterRuntimeTypeWrapper.read(TypeAdapterRuntimeTypeWrapper.java:40) ~[gson-2.10.jar%2372!/:?]
	at com.google.gson.internal.bind.ArrayTypeAdapter.read(ArrayTypeAdapter.java:72) ~[gson-2.10.jar%2372!/:?]
	at com.google.gson.Gson.fromJson(Gson.java:1214) ~[gson-2.10.jar%2372!/:?]
	at com.google.gson.Gson.fromJson(Gson.java:1319) ~[gson-2.10.jar%2372!/:?]
	at com.google.gson.Gson.fromJson(Gson.java:1290) ~[gson-2.10.jar%2372!/:?]
	at com.google.gson.internal.bind.TreeTypeAdapter$GsonContextImpl.deserialize(TreeTypeAdapter.java:179) ~[gson-2.10.jar%2372!/:?]
	at net.minecraft.util.GsonHelper.m_13808_(GsonHelper.java:463) ~[server-1.20.1-20230612.114412-srg.jar%23379!/:?]
	at net.minecraft.util.GsonHelper.m_13836_(GsonHelper.java:471) ~[server-1.20.1-20230612.114412-srg.jar%23379!/:?]
	at net.minecraft.world.level.storage.loot.LootPool$Serializer.deserialize(LootPool.java:192) ~[server-1.20.1-20230612.114412-srg.jar%23379!/:?]
	at net.minecraft.world.level.storage.loot.LootPool$Serializer.deserialize(LootPool.java:189) ~[server-1.20.1-20230612.114412-srg.jar%23379!/:?]
	at com.google.gson.internal.bind.TreeTypeAdapter.read(TreeTypeAdapter.java:76) ~[gson-2.10.jar%2372!/:?]
	at com.google.gson.internal.bind.TypeAdapterRuntimeTypeWrapper.read(TypeAdapterRuntimeTypeWrapper.java:40) ~[gson-2.10.jar%2372!/:?]
	at com.google.gson.internal.bind.ArrayTypeAdapter.read(ArrayTypeAdapter.java:72) ~[gson-2.10.jar%2372!/:?]
	at com.google.gson.Gson.fromJson(Gson.java:1214) ~[gson-2.10.jar%2372!/:?]
	at com.google.gson.Gson.fromJson(Gson.java:1319) ~[gson-2.10.jar%2372!/:?]
	at com.google.gson.Gson.fromJson(Gson.java:1290) ~[gson-2.10.jar%2372!/:?]
	at com.google.gson.internal.bind.TreeTypeAdapter$GsonContextImpl.deserialize(TreeTypeAdapter.java:179) ~[gson-2.10.jar%2372!/:?]
	at net.minecraft.util.GsonHelper.m_13808_(GsonHelper.java:463) ~[server-1.20.1-20230612.114412-srg.jar%23379!/:?]
	at net.minecraft.util.GsonHelper.m_13845_(GsonHelper.java:481) ~[server-1.20.1-20230612.114412-srg.jar%23379!/:?]
	at net.minecraft.world.level.storage.loot.LootTable$Serializer.deserialize(LootTable.java:294) ~[server-1.20.1-20230612.114412-srg.jar%23379!/:?]
	at net.minecraft.world.level.storage.loot.LootTable$Serializer.deserialize(LootTable.java:291) ~[server-1.20.1-20230612.114412-srg.jar%23379!/:?]
	at com.google.gson.internal.bind.TreeTypeAdapter.read(TreeTypeAdapter.java:76) ~[gson-2.10.jar%2372!/:?]
	at com.google.gson.Gson.fromJson(Gson.java:1214) ~[gson-2.10.jar%2372!/:?]
	at com.google.gson.Gson.fromJson(Gson.java:1319) ~[gson-2.10.jar%2372!/:?]
	at com.google.gson.Gson.fromJson(Gson.java:1261) ~[gson-2.10.jar%2372!/:?]
	at net.minecraftforge.common.ForgeHooks.loadLootTable(ForgeHooks.java:871) ~[forge-1.20.1-47.4.0-universal.jar%23384!/:?]
	at net.minecraftforge.common.ForgeHooks.lambda$getLootTableDeserializer$3(ForgeHooks.java:848) ~[forge-1.20.1-47.4.0-universal.jar%23384!/:?]
	at net.minecraft.world.level.storage.loot.LootDataType.deserialize(LootDataType.java:45) ~[server-1.20.1-20230612.114412-srg.jar%23379!/:?]
	at net.minecraft.world.level.storage.loot.LootDataManager.lambda$scheduleElementParse$4(LootDataManager.java:56) ~[server-1.20.1-20230612.114412-srg.jar%23379!/:?]
	at net.minecraft.world.level.storage.loot.LootDataManager.md69263c$lambda$cobblemon$supportICondition$0$1(LootDataManager.java:1044) ~[server-1.20.1-20230612.114412-srg.jar%23379!/:?]
	at java.util.HashMap.forEach(HashMap.java:1421) ~[?:?]
	at net.minecraft.world.level.storage.loot.LootDataManager.redirect$zld000$cobblemon$supportICondition(LootDataManager.java:1034) ~[server-1.20.1-20230612.114412-srg.jar%23379!/:?]
	at net.minecraft.world.level.storage.loot.LootDataManager.m_278660_(LootDataManager.java:55) ~[server-1.20.1-20230612.114412-srg.jar%23379!/:?]
	at java.util.concurrent.CompletableFuture$AsyncRun.run(CompletableFuture.java:1804) ~[?:?]
	at java.util.concurrent.CompletableFuture$AsyncRun.exec(CompletableFuture.java:1796) ~[?:?]
	at java.util.concurrent.ForkJoinTask.doExec(ForkJoinTask.java:373) ~[?:?]
	at java.util.concurrent.ForkJoinPool$WorkQueue.topLevelExec(ForkJoinPool.java:1182) ~[?:?]
	at java.util.concurrent.ForkJoinPool.scan(ForkJoinPool.java:1655) ~[?:?]
	at java.util.concurrent.ForkJoinPool.runWorker(ForkJoinPool.java:1622) ~[?:?]
	at java.util.concurrent.ForkJoinWorkerThread.run(ForkJoinWorkerThread.java:165) ~[?:?]
[20Jun2025 08:04:19.467] [Worker-Main-1/ERROR] [net.minecraftforge.common.ForgeHooks/]: Couldn't parse element loot_tables:adorn:blocks/cobblemon/apricorn_kitchen_sink
com.google.gson.JsonSyntaxException: Expected name to be an item, was unknown string 'adorn:cobblemon/apricorn_kitchen_sink'
	at net.minecraft.util.GsonHelper.m_13866_(GsonHelper.java:145) ~[server-1.20.1-20230612.114412-srg.jar%23379!/:?]
	at java.util.Optional.orElseThrow(Optional.java:403) ~[?:?]
	at net.minecraft.util.GsonHelper.m_13874_(GsonHelper.java:145) ~[server-1.20.1-20230612.114412-srg.jar%23379!/:?]
	at net.minecraft.util.GsonHelper.m_13909_(GsonHelper.java:153) ~[server-1.20.1-20230612.114412-srg.jar%23379!/:?]
	at net.minecraft.world.level.storage.loot.entries.LootItem$Serializer.m_7267_(LootItem.java:55) ~[server-1.20.1-20230612.114412-srg.jar%23379!/:?]
	at net.minecraft.world.level.storage.loot.entries.LootItem$Serializer.m_7267_(LootItem.java:40) ~[server-1.20.1-20230612.114412-srg.jar%23379!/:?]
	at net.minecraft.world.level.storage.loot.entries.LootPoolSingletonContainer$Serializer.m_5921_(LootPoolSingletonContainer.java:151) ~[server-1.20.1-20230612.114412-srg.jar%23379!/:?]
	at net.minecraft.world.level.storage.loot.entries.LootPoolSingletonContainer$Serializer.m_5921_(LootPoolSingletonContainer.java:129) ~[server-1.20.1-20230612.114412-srg.jar%23379!/:?]
	at net.minecraft.world.level.storage.loot.entries.LootPoolEntryContainer$Serializer.m_7561_(LootPoolEntryContainer.java:86) ~[server-1.20.1-20230612.114412-srg.jar%23379!/:?]
	at net.minecraft.world.level.storage.loot.entries.LootPoolEntryContainer$Serializer.m_7561_(LootPoolEntryContainer.java:74) ~[server-1.20.1-20230612.114412-srg.jar%23379!/:?]
	at net.minecraft.world.level.storage.loot.GsonAdapterFactory$JsonAdapter.deserialize(GsonAdapterFactory.java:102) ~[server-1.20.1-20230612.114412-srg.jar%23379!/:?]
	at com.google.gson.internal.bind.TreeTypeAdapter.read(TreeTypeAdapter.java:76) ~[gson-2.10.jar%2372!/:?]
	at com.google.gson.internal.bind.TypeAdapterRuntimeTypeWrapper.read(TypeAdapterRuntimeTypeWrapper.java:40) ~[gson-2.10.jar%2372!/:?]
	at com.google.gson.internal.bind.ArrayTypeAdapter.read(ArrayTypeAdapter.java:72) ~[gson-2.10.jar%2372!/:?]
	at com.google.gson.Gson.fromJson(Gson.java:1214) ~[gson-2.10.jar%2372!/:?]
	at com.google.gson.Gson.fromJson(Gson.java:1319) ~[gson-2.10.jar%2372!/:?]
	at com.google.gson.Gson.fromJson(Gson.java:1290) ~[gson-2.10.jar%2372!/:?]
	at com.google.gson.internal.bind.TreeTypeAdapter$GsonContextImpl.deserialize(TreeTypeAdapter.java:179) ~[gson-2.10.jar%2372!/:?]
	at net.minecraft.util.GsonHelper.m_13808_(GsonHelper.java:463) ~[server-1.20.1-20230612.114412-srg.jar%23379!/:?]
	at net.minecraft.util.GsonHelper.m_13836_(GsonHelper.java:471) ~[server-1.20.1-20230612.114412-srg.jar%23379!/:?]
	at net.minecraft.world.level.storage.loot.LootPool$Serializer.deserialize(LootPool.java:192) ~[server-1.20.1-20230612.114412-srg.jar%23379!/:?]
	at net.minecraft.world.level.storage.loot.LootPool$Serializer.deserialize(LootPool.java:189) ~[server-1.20.1-20230612.114412-srg.jar%23379!/:?]
	at com.google.gson.internal.bind.TreeTypeAdapter.read(TreeTypeAdapter.java:76) ~[gson-2.10.jar%2372!/:?]
	at com.google.gson.internal.bind.TypeAdapterRuntimeTypeWrapper.read(TypeAdapterRuntimeTypeWrapper.java:40) ~[gson-2.10.jar%2372!/:?]
	at com.google.gson.internal.bind.ArrayTypeAdapter.read(ArrayTypeAdapter.java:72) ~[gson-2.10.jar%2372!/:?]
	at com.google.gson.Gson.fromJson(Gson.java:1214) ~[gson-2.10.jar%2372!/:?]
	at com.google.gson.Gson.fromJson(Gson.java:1319) ~[gson-2.10.jar%2372!/:?]
	at com.google.gson.Gson.fromJson(Gson.java:1290) ~[gson-2.10.jar%2372!/:?]
	at com.google.gson.internal.bind.TreeTypeAdapter$GsonContextImpl.deserialize(TreeTypeAdapter.java:179) ~[gson-2.10.jar%2372!/:?]
	at net.minecraft.util.GsonHelper.m_13808_(GsonHelper.java:463) ~[server-1.20.1-20230612.114412-srg.jar%23379!/:?]
	at net.minecraft.util.GsonHelper.m_13845_(GsonHelper.java:481) ~[server-1.20.1-20230612.114412-srg.jar%23379!/:?]
	at net.minecraft.world.level.storage.loot.LootTable$Serializer.deserialize(LootTable.java:294) ~[server-1.20.1-20230612.114412-srg.jar%23379!/:?]
	at net.minecraft.world.level.storage.loot.LootTable$Serializer.deserialize(LootTable.java:291) ~[server-1.20.1-20230612.114412-srg.jar%23379!/:?]
	at com.google.gson.internal.bind.TreeTypeAdapter.read(TreeTypeAdapter.java:76) ~[gson-2.10.jar%2372!/:?]
	at com.google.gson.Gson.fromJson(Gson.java:1214) ~[gson-2.10.jar%2372!/:?]
	at com.google.gson.Gson.fromJson(Gson.java:1319) ~[gson-2.10.jar%2372!/:?]
	at com.google.gson.Gson.fromJson(Gson.java:1261) ~[gson-2.10.jar%2372!/:?]
	at net.minecraftforge.common.ForgeHooks.loadLootTable(ForgeHooks.java:871) ~[forge-1.20.1-47.4.0-universal.jar%23384!/:?]
	at net.minecraftforge.common.ForgeHooks.lambda$getLootTableDeserializer$3(ForgeHooks.java:848) ~[forge-1.20.1-47.4.0-universal.jar%23384!/:?]
	at net.minecraft.world.level.storage.loot.LootDataType.deserialize(LootDataType.java:45) ~[server-1.20.1-20230612.114412-srg.jar%23379!/:?]
	at net.minecraft.world.level.storage.loot.LootDataManager.lambda$scheduleElementParse$4(LootDataManager.java:56) ~[server-1.20.1-20230612.114412-srg.jar%23379!/:?]
	at net.minecraft.world.level.storage.loot.LootDataManager.md69263c$lambda$cobblemon$supportICondition$0$1(LootDataManager.java:1044) ~[server-1.20.1-20230612.114412-srg.jar%23379!/:?]
	at java.util.HashMap.forEach(HashMap.java:1421) ~[?:?]
	at net.minecraft.world.level.storage.loot.LootDataManager.redirect$zld000$cobblemon$supportICondition(LootDataManager.java:1034) ~[server-1.20.1-20230612.114412-srg.jar%23379!/:?]
	at net.minecraft.world.level.storage.loot.LootDataManager.m_278660_(LootDataManager.java:55) ~[server-1.20.1-20230612.114412-srg.jar%23379!/:?]
	at java.util.concurrent.CompletableFuture$AsyncRun.run(CompletableFuture.java:1804) ~[?:?]
	at java.util.concurrent.CompletableFuture$AsyncRun.exec(CompletableFuture.java:1796) ~[?:?]
	at java.util.concurrent.ForkJoinTask.doExec(ForkJoinTask.java:373) ~[?:?]
	at java.util.concurrent.ForkJoinPool$WorkQueue.topLevelExec(ForkJoinPool.java:1182) ~[?:?]
	at java.util.concurrent.ForkJoinPool.scan(ForkJoinPool.java:1655) ~[?:?]
	at java.util.concurrent.ForkJoinPool.runWorker(ForkJoinPool.java:1622) ~[?:?]
	at java.util.concurrent.ForkJoinWorkerThread.run(ForkJoinWorkerThread.java:165) ~[?:?]
[20Jun2025 08:04:19.530] [Worker-Main-1/ERROR] [net.minecraftforge.common.ForgeHooks/]: Couldn't parse element loot_tables:adorn:blocks/cobblemon/apricorn_post
com.google.gson.JsonSyntaxException: Expected name to be an item, was unknown string 'adorn:cobblemon/apricorn_post'
	at net.minecraft.util.GsonHelper.m_13866_(GsonHelper.java:145) ~[server-1.20.1-20230612.114412-srg.jar%23379!/:?]
	at java.util.Optional.orElseThrow(Optional.java:403) ~[?:?]
	at net.minecraft.util.GsonHelper.m_13874_(GsonHelper.java:145) ~[server-1.20.1-20230612.114412-srg.jar%23379!/:?]
	at net.minecraft.util.GsonHelper.m_13909_(GsonHelper.java:153) ~[server-1.20.1-20230612.114412-srg.jar%23379!/:?]
	at net.minecraft.world.level.storage.loot.entries.LootItem$Serializer.m_7267_(LootItem.java:55) ~[server-1.20.1-20230612.114412-srg.jar%23379!/:?]
	at net.minecraft.world.level.storage.loot.entries.LootItem$Serializer.m_7267_(LootItem.java:40) ~[server-1.20.1-20230612.114412-srg.jar%23379!/:?]
	at net.minecraft.world.level.storage.loot.entries.LootPoolSingletonContainer$Serializer.m_5921_(LootPoolSingletonContainer.java:151) ~[server-1.20.1-20230612.114412-srg.jar%23379!/:?]
	at net.minecraft.world.level.storage.loot.entries.LootPoolSingletonContainer$Serializer.m_5921_(LootPoolSingletonContainer.java:129) ~[server-1.20.1-20230612.114412-srg.jar%23379!/:?]
	at net.minecraft.world.level.storage.loot.entries.LootPoolEntryContainer$Serializer.m_7561_(LootPoolEntryContainer.java:86) ~[server-1.20.1-20230612.114412-srg.jar%23379!/:?]
	at net.minecraft.world.level.storage.loot.entries.LootPoolEntryContainer$Serializer.m_7561_(LootPoolEntryContainer.java:74) ~[server-1.20.1-20230612.114412-srg.jar%23379!/:?]
	at net.minecraft.world.level.storage.loot.GsonAdapterFactory$JsonAdapter.deserialize(GsonAdapterFactory.java:102) ~[server-1.20.1-20230612.114412-srg.jar%23379!/:?]
	at com.google.gson.internal.bind.TreeTypeAdapter.read(TreeTypeAdapter.java:76) ~[gson-2.10.jar%2372!/:?]
	at com.google.gson.internal.bind.TypeAdapterRuntimeTypeWrapper.read(TypeAdapterRuntimeTypeWrapper.java:40) ~[gson-2.10.jar%2372!/:?]
	at com.google.gson.internal.bind.ArrayTypeAdapter.read(ArrayTypeAdapter.java:72) ~[gson-2.10.jar%2372!/:?]
	at com.google.gson.Gson.fromJson(Gson.java:1214) ~[gson-2.10.jar%2372!/:?]
	at com.google.gson.Gson.fromJson(Gson.java:1319) ~[gson-2.10.jar%2372!/:?]
	at com.google.gson.Gson.fromJson(Gson.java:1290) ~[gson-2.10.jar%2372!/:?]
	at com.google.gson.internal.bind.TreeTypeAdapter$GsonContextImpl.deserialize(TreeTypeAdapter.java:179) ~[gson-2.10.jar%2372!/:?]
	at net.minecraft.util.GsonHelper.m_13808_(GsonHelper.java:463) ~[server-1.20.1-20230612.114412-srg.jar%23379!/:?]
	at net.minecraft.util.GsonHelper.m_13836_(GsonHelper.java:471) ~[server-1.20.1-20230612.114412-srg.jar%23379!/:?]
	at net.minecraft.world.level.storage.loot.LootPool$Serializer.deserialize(LootPool.java:192) ~[server-1.20.1-20230612.114412-srg.jar%23379!/:?]
	at net.minecraft.world.level.storage.loot.LootPool$Serializer.deserialize(LootPool.java:189) ~[server-1.20.1-20230612.114412-srg.jar%23379!/:?]
	at com.google.gson.internal.bind.TreeTypeAdapter.read(TreeTypeAdapter.java:76) ~[gson-2.10.jar%2372!/:?]
	at com.google.gson.internal.bind.TypeAdapterRuntimeTypeWrapper.read(TypeAdapterRuntimeTypeWrapper.java:40) ~[gson-2.10.jar%2372!/:?]
	at com.google.gson.internal.bind.ArrayTypeAdapter.read(ArrayTypeAdapter.java:72) ~[gson-2.10.jar%2372!/:?]
	at com.google.gson.Gson.fromJson(Gson.java:1214) ~[gson-2.10.jar%2372!/:?]
	at com.google.gson.Gson.fromJson(Gson.java:1319) ~[gson-2.10.jar%2372!/:?]
	at com.google.gson.Gson.fromJson(Gson.java:1290) ~[gson-2.10.jar%2372!/:?]
	at com.google.gson.internal.bind.TreeTypeAdapter$GsonContextImpl.deserialize(TreeTypeAdapter.java:179) ~[gson-2.10.jar%2372!/:?]
	at net.minecraft.util.GsonHelper.m_13808_(GsonHelper.java:463) ~[server-1.20.1-20230612.114412-srg.jar%23379!/:?]
	at net.minecraft.util.GsonHelper.m_13845_(GsonHelper.java:481) ~[server-1.20.1-20230612.114412-srg.jar%23379!/:?]
	at net.minecraft.world.level.storage.loot.LootTable$Serializer.deserialize(LootTable.java:294) ~[server-1.20.1-20230612.114412-srg.jar%23379!/:?]
	at net.minecraft.world.level.storage.loot.LootTable$Serializer.deserialize(LootTable.java:291) ~[server-1.20.1-20230612.114412-srg.jar%23379!/:?]
	at com.google.gson.internal.bind.TreeTypeAdapter.read(TreeTypeAdapter.java:76) ~[gson-2.10.jar%2372!/:?]
	at com.google.gson.Gson.fromJson(Gson.java:1214) ~[gson-2.10.jar%2372!/:?]
	at com.google.gson.Gson.fromJson(Gson.java:1319) ~[gson-2.10.jar%2372!/:?]
	at com.google.gson.Gson.fromJson(Gson.java:1261) ~[gson-2.10.jar%2372!/:?]
	at net.minecraftforge.common.ForgeHooks.loadLootTable(ForgeHooks.java:871) ~[forge-1.20.1-47.4.0-universal.jar%23384!/:?]
	at net.minecraftforge.common.ForgeHooks.lambda$getLootTableDeserializer$3(ForgeHooks.java:848) ~[forge-1.20.1-47.4.0-universal.jar%23384!/:?]
	at net.minecraft.world.level.storage.loot.LootDataType.deserialize(LootDataType.java:45) ~[server-1.20.1-20230612.114412-srg.jar%23379!/:?]
	at net.minecraft.world.level.storage.loot.LootDataManager.lambda$scheduleElementParse$4(LootDataManager.java:56) ~[server-1.20.1-20230612.114412-srg.jar%23379!/:?]
	at net.minecraft.world.level.storage.loot.LootDataManager.md69263c$lambda$cobblemon$supportICondition$0$1(LootDataManager.java:1044) ~[server-1.20.1-20230612.114412-srg.jar%23379!/:?]
	at java.util.HashMap.forEach(HashMap.java:1421) ~[?:?]
	at net.minecraft.world.level.storage.loot.LootDataManager.redirect$zld000$cobblemon$supportICondition(LootDataManager.java:1034) ~[server-1.20.1-20230612.114412-srg.jar%23379!/:?]
	at net.minecraft.world.level.storage.loot.LootDataManager.m_278660_(LootDataManager.java:55) ~[server-1.20.1-20230612.114412-srg.jar%23379!/:?]
	at java.util.concurrent.CompletableFuture$AsyncRun.run(CompletableFuture.java:1804) ~[?:?]
	at java.util.concurrent.CompletableFuture$AsyncRun.exec(CompletableFuture.java:1796) ~[?:?]
	at java.util.concurrent.ForkJoinTask.doExec(ForkJoinTask.java:373) ~[?:?]
	at java.util.concurrent.ForkJoinPool$WorkQueue.topLevelExec(ForkJoinPool.java:1182) ~[?:?]
	at java.util.concurrent.ForkJoinPool.scan(ForkJoinPool.java:1655) ~[?:?]
	at java.util.concurrent.ForkJoinPool.runWorker(ForkJoinPool.java:1622) ~[?:?]
	at java.util.concurrent.ForkJoinWorkerThread.run(ForkJoinWorkerThread.java:165) ~[?:?]
[20Jun2025 08:04:19.852] [Worker-Main-1/ERROR] [net.minecraftforge.common.ForgeHooks/]: Couldn't parse element loot_tables:adorn:blocks/cobblemon/apricorn_step
com.google.gson.JsonSyntaxException: Expected name to be an item, was unknown string 'adorn:cobblemon/apricorn_step'
	at net.minecraft.util.GsonHelper.m_13866_(GsonHelper.java:145) ~[server-1.20.1-20230612.114412-srg.jar%23379!/:?]
	at java.util.Optional.orElseThrow(Optional.java:403) ~[?:?]
	at net.minecraft.util.GsonHelper.m_13874_(GsonHelper.java:145) ~[server-1.20.1-20230612.114412-srg.jar%23379!/:?]
	at net.minecraft.util.GsonHelper.m_13909_(GsonHelper.java:153) ~[server-1.20.1-20230612.114412-srg.jar%23379!/:?]
	at net.minecraft.world.level.storage.loot.entries.LootItem$Serializer.m_7267_(LootItem.java:55) ~[server-1.20.1-20230612.114412-srg.jar%23379!/:?]
	at net.minecraft.world.level.storage.loot.entries.LootItem$Serializer.m_7267_(LootItem.java:40) ~[server-1.20.1-20230612.114412-srg.jar%23379!/:?]
	at net.minecraft.world.level.storage.loot.entries.LootPoolSingletonContainer$Serializer.m_5921_(LootPoolSingletonContainer.java:151) ~[server-1.20.1-20230612.114412-srg.jar%23379!/:?]
	at net.minecraft.world.level.storage.loot.entries.LootPoolSingletonContainer$Serializer.m_5921_(LootPoolSingletonContainer.java:129) ~[server-1.20.1-20230612.114412-srg.jar%23379!/:?]
	at net.minecraft.world.level.storage.loot.entries.LootPoolEntryContainer$Serializer.m_7561_(LootPoolEntryContainer.java:86) ~[server-1.20.1-20230612.114412-srg.jar%23379!/:?]
	at net.minecraft.world.level.storage.loot.entries.LootPoolEntryContainer$Serializer.m_7561_(LootPoolEntryContainer.java:74) ~[server-1.20.1-20230612.114412-srg.jar%23379!/:?]
	at net.minecraft.world.level.storage.loot.GsonAdapterFactory$JsonAdapter.deserialize(GsonAdapterFactory.java:102) ~[server-1.20.1-20230612.114412-srg.jar%23379!/:?]
	at com.google.gson.internal.bind.TreeTypeAdapter.read(TreeTypeAdapter.java:76) ~[gson-2.10.jar%2372!/:?]
	at com.google.gson.internal.bind.TypeAdapterRuntimeTypeWrapper.read(TypeAdapterRuntimeTypeWrapper.java:40) ~[gson-2.10.jar%2372!/:?]
	at com.google.gson.internal.bind.ArrayTypeAdapter.read(ArrayTypeAdapter.java:72) ~[gson-2.10.jar%2372!/:?]
	at com.google.gson.Gson.fromJson(Gson.java:1214) ~[gson-2.10.jar%2372!/:?]
	at com.google.gson.Gson.fromJson(Gson.java:1319) ~[gson-2.10.jar%2372!/:?]
	at com.google.gson.Gson.fromJson(Gson.java:1290) ~[gson-2.10.jar%2372!/:?]
	at com.google.gson.internal.bind.TreeTypeAdapter$GsonContextImpl.deserialize(TreeTypeAdapter.java:179) ~[gson-2.10.jar%2372!/:?]
	at net.minecraft.util.GsonHelper.m_13808_(GsonHelper.java:463) ~[server-1.20.1-20230612.114412-srg.jar%23379!/:?]
	at net.minecraft.util.GsonHelper.m_13836_(GsonHelper.java:471) ~[server-1.20.1-20230612.114412-srg.jar%23379!/:?]
	at net.minecraft.world.level.storage.loot.LootPool$Serializer.deserialize(LootPool.java:192) ~[server-1.20.1-20230612.114412-srg.jar%23379!/:?]
	at net.minecraft.world.level.storage.loot.LootPool$Serializer.deserialize(LootPool.java:189) ~[server-1.20.1-20230612.114412-srg.jar%23379!/:?]
	at com.google.gson.internal.bind.TreeTypeAdapter.read(TreeTypeAdapter.java:76) ~[gson-2.10.jar%2372!/:?]
	at com.google.gson.internal.bind.TypeAdapterRuntimeTypeWrapper.read(TypeAdapterRuntimeTypeWrapper.java:40) ~[gson-2.10.jar%2372!/:?]
	at com.google.gson.internal.bind.ArrayTypeAdapter.read(ArrayTypeAdapter.java:72) ~[gson-2.10.jar%2372!/:?]
	at com.google.gson.Gson.fromJson(Gson.java:1214) ~[gson-2.10.jar%2372!/:?]
	at com.google.gson.Gson.fromJson(Gson.java:1319) ~[gson-2.10.jar%2372!/:?]
	at com.google.gson.Gson.fromJson(Gson.java:1290) ~[gson-2.10.jar%2372!/:?]
	at com.google.gson.internal.bind.TreeTypeAdapter$GsonContextImpl.deserialize(TreeTypeAdapter.java:179) ~[gson-2.10.jar%2372!/:?]
	at net.minecraft.util.GsonHelper.m_13808_(GsonHelper.java:463) ~[server-1.20.1-20230612.114412-srg.jar%23379!/:?]
	at net.minecraft.util.GsonHelper.m_13845_(GsonHelper.java:481) ~[server-1.20.1-20230612.114412-srg.jar%23379!/:?]
	at net.minecraft.world.level.storage.loot.LootTable$Serializer.deserialize(LootTable.java:294) ~[server-1.20.1-20230612.114412-srg.jar%23379!/:?]
	at net.minecraft.world.level.storage.loot.LootTable$Serializer.deserialize(LootTable.java:291) ~[server-1.20.1-20230612.114412-srg.jar%23379!/:?]
	at com.google.gson.internal.bind.TreeTypeAdapter.read(TreeTypeAdapter.java:76) ~[gson-2.10.jar%2372!/:?]
	at com.google.gson.Gson.fromJson(Gson.java:1214) ~[gson-2.10.jar%2372!/:?]
	at com.google.gson.Gson.fromJson(Gson.java:1319) ~[gson-2.10.jar%2372!/:?]
	at com.google.gson.Gson.fromJson(Gson.java:1261) ~[gson-2.10.jar%2372!/:?]
	at net.minecraftforge.common.ForgeHooks.loadLootTable(ForgeHooks.java:871) ~[forge-1.20.1-47.4.0-universal.jar%23384!/:?]
	at net.minecraftforge.common.ForgeHooks.lambda$getLootTableDeserializer$3(ForgeHooks.java:848) ~[forge-1.20.1-47.4.0-universal.jar%23384!/:?]
	at net.minecraft.world.level.storage.loot.LootDataType.deserialize(LootDataType.java:45) ~[server-1.20.1-20230612.114412-srg.jar%23379!/:?]
	at net.minecraft.world.level.storage.loot.LootDataManager.lambda$scheduleElementParse$4(LootDataManager.java:56) ~[server-1.20.1-20230612.114412-srg.jar%23379!/:?]
	at net.minecraft.world.level.storage.loot.LootDataManager.md69263c$lambda$cobblemon$supportICondition$0$1(LootDataManager.java:1044) ~[server-1.20.1-20230612.114412-srg.jar%23379!/:?]
	at java.util.HashMap.forEach(HashMap.java:1421) ~[?:?]
	at net.minecraft.world.level.storage.loot.LootDataManager.redirect$zld000$cobblemon$supportICondition(LootDataManager.java:1034) ~[server-1.20.1-20230612.114412-srg.jar%23379!/:?]
	at net.minecraft.world.level.storage.loot.LootDataManager.m_278660_(LootDataManager.java:55) ~[server-1.20.1-20230612.114412-srg.jar%23379!/:?]
	at java.util.concurrent.CompletableFuture$AsyncRun.run(CompletableFuture.java:1804) ~[?:?]
	at java.util.concurrent.CompletableFuture$AsyncRun.exec(CompletableFuture.java:1796) ~[?:?]
	at java.util.concurrent.ForkJoinTask.doExec(ForkJoinTask.java:373) ~[?:?]
	at java.util.concurrent.ForkJoinPool$WorkQueue.topLevelExec(ForkJoinPool.java:1182) ~[?:?]
	at java.util.concurrent.ForkJoinPool.scan(ForkJoinPool.java:1655) ~[?:?]
	at java.util.concurrent.ForkJoinPool.runWorker(ForkJoinPool.java:1622) ~[?:?]
	at java.util.concurrent.ForkJoinWorkerThread.run(ForkJoinWorkerThread.java:165) ~[?:?]
[20Jun2025 08:04:19.863] [Worker-Main-1/ERROR] [net.minecraftforge.common.ForgeHooks/]: Couldn't parse element loot_tables:adorn:blocks/cobblemon/apricorn_platform
com.google.gson.JsonSyntaxException: Expected name to be an item, was unknown string 'adorn:cobblemon/apricorn_platform'
	at net.minecraft.util.GsonHelper.m_13866_(GsonHelper.java:145) ~[server-1.20.1-20230612.114412-srg.jar%23379!/:?]
	at java.util.Optional.orElseThrow(Optional.java:403) ~[?:?]
	at net.minecraft.util.GsonHelper.m_13874_(GsonHelper.java:145) ~[server-1.20.1-20230612.114412-srg.jar%23379!/:?]
	at net.minecraft.util.GsonHelper.m_13909_(GsonHelper.java:153) ~[server-1.20.1-20230612.114412-srg.jar%23379!/:?]
	at net.minecraft.world.level.storage.loot.entries.LootItem$Serializer.m_7267_(LootItem.java:55) ~[server-1.20.1-20230612.114412-srg.jar%23379!/:?]
	at net.minecraft.world.level.storage.loot.entries.LootItem$Serializer.m_7267_(LootItem.java:40) ~[server-1.20.1-20230612.114412-srg.jar%23379!/:?]
	at net.minecraft.world.level.storage.loot.entries.LootPoolSingletonContainer$Serializer.m_5921_(LootPoolSingletonContainer.java:151) ~[server-1.20.1-20230612.114412-srg.jar%23379!/:?]
	at net.minecraft.world.level.storage.loot.entries.LootPoolSingletonContainer$Serializer.m_5921_(LootPoolSingletonContainer.java:129) ~[server-1.20.1-20230612.114412-srg.jar%23379!/:?]
	at net.minecraft.world.level.storage.loot.entries.LootPoolEntryContainer$Serializer.m_7561_(LootPoolEntryContainer.java:86) ~[server-1.20.1-20230612.114412-srg.jar%23379!/:?]
	at net.minecraft.world.level.storage.loot.entries.LootPoolEntryContainer$Serializer.m_7561_(LootPoolEntryContainer.java:74) ~[server-1.20.1-20230612.114412-srg.jar%23379!/:?]
	at net.minecraft.world.level.storage.loot.GsonAdapterFactory$JsonAdapter.deserialize(GsonAdapterFactory.java:102) ~[server-1.20.1-20230612.114412-srg.jar%23379!/:?]
	at com.google.gson.internal.bind.TreeTypeAdapter.read(TreeTypeAdapter.java:76) ~[gson-2.10.jar%2372!/:?]
	at com.google.gson.internal.bind.TypeAdapterRuntimeTypeWrapper.read(TypeAdapterRuntimeTypeWrapper.java:40) ~[gson-2.10.jar%2372!/:?]
	at com.google.gson.internal.bind.ArrayTypeAdapter.read(ArrayTypeAdapter.java:72) ~[gson-2.10.jar%2372!/:?]
	at com.google.gson.Gson.fromJson(Gson.java:1214) ~[gson-2.10.jar%2372!/:?]
	at com.google.gson.Gson.fromJson(Gson.java:1319) ~[gson-2.10.jar%2372!/:?]
	at com.google.gson.Gson.fromJson(Gson.java:1290) ~[gson-2.10.jar%2372!/:?]
	at com.google.gson.internal.bind.TreeTypeAdapter$GsonContextImpl.deserialize(TreeTypeAdapter.java:179) ~[gson-2.10.jar%2372!/:?]
	at net.minecraft.util.GsonHelper.m_13808_(GsonHelper.java:463) ~[server-1.20.1-20230612.114412-srg.jar%23379!/:?]
	at net.minecraft.util.GsonHelper.m_13836_(GsonHelper.java:471) ~[server-1.20.1-20230612.114412-srg.jar%23379!/:?]
	at net.minecraft.world.level.storage.loot.LootPool$Serializer.deserialize(LootPool.java:192) ~[server-1.20.1-20230612.114412-srg.jar%23379!/:?]
	at net.minecraft.world.level.storage.loot.LootPool$Serializer.deserialize(LootPool.java:189) ~[server-1.20.1-20230612.114412-srg.jar%23379!/:?]
	at com.google.gson.internal.bind.TreeTypeAdapter.read(TreeTypeAdapter.java:76) ~[gson-2.10.jar%2372!/:?]
	at com.google.gson.internal.bind.TypeAdapterRuntimeTypeWrapper.read(TypeAdapterRuntimeTypeWrapper.java:40) ~[gson-2.10.jar%2372!/:?]
	at com.google.gson.internal.bind.ArrayTypeAdapter.read(ArrayTypeAdapter.java:72) ~[gson-2.10.jar%2372!/:?]
	at com.google.gson.Gson.fromJson(Gson.java:1214) ~[gson-2.10.jar%2372!/:?]
	at com.google.gson.Gson.fromJson(Gson.java:1319) ~[gson-2.10.jar%2372!/:?]
	at com.google.gson.Gson.fromJson(Gson.java:1290) ~[gson-2.10.jar%2372!/:?]
	at com.google.gson.internal.bind.TreeTypeAdapter$GsonContextImpl.deserialize(TreeTypeAdapter.java:179) ~[gson-2.10.jar%2372!/:?]
	at net.minecraft.util.GsonHelper.m_13808_(GsonHelper.java:463) ~[server-1.20.1-20230612.114412-srg.jar%23379!/:?]
	at net.minecraft.util.GsonHelper.m_13845_(GsonHelper.java:481) ~[server-1.20.1-20230612.114412-srg.jar%23379!/:?]
	at net.minecraft.world.level.storage.loot.LootTable$Serializer.deserialize(LootTable.java:294) ~[server-1.20.1-20230612.114412-srg.jar%23379!/:?]
	at net.minecraft.world.level.storage.loot.LootTable$Serializer.deserialize(LootTable.java:291) ~[server-1.20.1-20230612.114412-srg.jar%23379!/:?]
	at com.google.gson.internal.bind.TreeTypeAdapter.read(TreeTypeAdapter.java:76) ~[gson-2.10.jar%2372!/:?]
	at com.google.gson.Gson.fromJson(Gson.java:1214) ~[gson-2.10.jar%2372!/:?]
	at com.google.gson.Gson.fromJson(Gson.java:1319) ~[gson-2.10.jar%2372!/:?]
	at com.google.gson.Gson.fromJson(Gson.java:1261) ~[gson-2.10.jar%2372!/:?]
	at net.minecraftforge.common.ForgeHooks.loadLootTable(ForgeHooks.java:871) ~[forge-1.20.1-47.4.0-universal.jar%23384!/:?]
	at net.minecraftforge.common.ForgeHooks.lambda$getLootTableDeserializer$3(ForgeHooks.java:848) ~[forge-1.20.1-47.4.0-universal.jar%23384!/:?]
	at net.minecraft.world.level.storage.loot.LootDataType.deserialize(LootDataType.java:45) ~[server-1.20.1-20230612.114412-srg.jar%23379!/:?]
	at net.minecraft.world.level.storage.loot.LootDataManager.lambda$scheduleElementParse$4(LootDataManager.java:56) ~[server-1.20.1-20230612.114412-srg.jar%23379!/:?]
	at net.minecraft.world.level.storage.loot.LootDataManager.md69263c$lambda$cobblemon$supportICondition$0$1(LootDataManager.java:1044) ~[server-1.20.1-20230612.114412-srg.jar%23379!/:?]
	at java.util.HashMap.forEach(HashMap.java:1421) ~[?:?]
	at net.minecraft.world.level.storage.loot.LootDataManager.redirect$zld000$cobblemon$supportICondition(LootDataManager.java:1034) ~[server-1.20.1-20230612.114412-srg.jar%23379!/:?]
	at net.minecraft.world.level.storage.loot.LootDataManager.m_278660_(LootDataManager.java:55) ~[server-1.20.1-20230612.114412-srg.jar%23379!/:?]
	at java.util.concurrent.CompletableFuture$AsyncRun.run(CompletableFuture.java:1804) ~[?:?]
	at java.util.concurrent.CompletableFuture$AsyncRun.exec(CompletableFuture.java:1796) ~[?:?]
	at java.util.concurrent.ForkJoinTask.doExec(ForkJoinTask.java:373) ~[?:?]
	at java.util.concurrent.ForkJoinPool$WorkQueue.topLevelExec(ForkJoinPool.java:1182) ~[?:?]
	at java.util.concurrent.ForkJoinPool.scan(ForkJoinPool.java:1655) ~[?:?]
	at java.util.concurrent.ForkJoinPool.runWorker(ForkJoinPool.java:1622) ~[?:?]
	at java.util.concurrent.ForkJoinWorkerThread.run(ForkJoinWorkerThread.java:165) ~[?:?]
[20Jun2025 08:04:19.875] [Worker-Main-1/ERROR] [net.minecraftforge.common.ForgeHooks/]: Couldn't parse element loot_tables:cataclysm:entities/cindaria
com.google.gson.JsonSyntaxException: Unknown type 'minecraft:enchanted_count_increase'
	at net.minecraft.world.level.storage.loot.GsonAdapterFactory$JsonAdapter.deserialize(GsonAdapterFactory.java:99) ~[server-1.20.1-20230612.114412-srg.jar%23379!/:?]
	at com.google.gson.internal.bind.TreeTypeAdapter.read(TreeTypeAdapter.java:76) ~[gson-2.10.jar%2372!/:?]
	at com.google.gson.internal.bind.TypeAdapterRuntimeTypeWrapper.read(TypeAdapterRuntimeTypeWrapper.java:40) ~[gson-2.10.jar%2372!/:?]
	at com.google.gson.internal.bind.ArrayTypeAdapter.read(ArrayTypeAdapter.java:72) ~[gson-2.10.jar%2372!/:?]
	at com.google.gson.Gson.fromJson(Gson.java:1214) ~[gson-2.10.jar%2372!/:?]
	at com.google.gson.Gson.fromJson(Gson.java:1319) ~[gson-2.10.jar%2372!/:?]
	at com.google.gson.Gson.fromJson(Gson.java:1290) ~[gson-2.10.jar%2372!/:?]
	at com.google.gson.internal.bind.TreeTypeAdapter$GsonContextImpl.deserialize(TreeTypeAdapter.java:179) ~[gson-2.10.jar%2372!/:?]
	at net.minecraft.util.GsonHelper.m_13808_(GsonHelper.java:463) ~[server-1.20.1-20230612.114412-srg.jar%23379!/:?]
	at net.minecraft.util.GsonHelper.m_13845_(GsonHelper.java:481) ~[server-1.20.1-20230612.114412-srg.jar%23379!/:?]
	at net.minecraft.world.level.storage.loot.entries.LootPoolSingletonContainer$Serializer.m_5921_(LootPoolSingletonContainer.java:149) ~[server-1.20.1-20230612.114412-srg.jar%23379!/:?]
	at net.minecraft.world.level.storage.loot.entries.LootPoolSingletonContainer$Serializer.m_5921_(LootPoolSingletonContainer.java:129) ~[server-1.20.1-20230612.114412-srg.jar%23379!/:?]
	at net.minecraft.world.level.storage.loot.entries.LootPoolEntryContainer$Serializer.m_7561_(LootPoolEntryContainer.java:86) ~[server-1.20.1-20230612.114412-srg.jar%23379!/:?]
	at net.minecraft.world.level.storage.loot.entries.LootPoolEntryContainer$Serializer.m_7561_(LootPoolEntryContainer.java:74) ~[server-1.20.1-20230612.114412-srg.jar%23379!/:?]
	at net.minecraft.world.level.storage.loot.GsonAdapterFactory$JsonAdapter.deserialize(GsonAdapterFactory.java:102) ~[server-1.20.1-20230612.114412-srg.jar%23379!/:?]
	at com.google.gson.internal.bind.TreeTypeAdapter.read(TreeTypeAdapter.java:76) ~[gson-2.10.jar%2372!/:?]
	at com.google.gson.internal.bind.TypeAdapterRuntimeTypeWrapper.read(TypeAdapterRuntimeTypeWrapper.java:40) ~[gson-2.10.jar%2372!/:?]
	at com.google.gson.internal.bind.ArrayTypeAdapter.read(ArrayTypeAdapter.java:72) ~[gson-2.10.jar%2372!/:?]
	at com.google.gson.Gson.fromJson(Gson.java:1214) ~[gson-2.10.jar%2372!/:?]
	at com.google.gson.Gson.fromJson(Gson.java:1319) ~[gson-2.10.jar%2372!/:?]
	at com.google.gson.Gson.fromJson(Gson.java:1290) ~[gson-2.10.jar%2372!/:?]
	at com.google.gson.internal.bind.TreeTypeAdapter$GsonContextImpl.deserialize(TreeTypeAdapter.java:179) ~[gson-2.10.jar%2372!/:?]
	at net.minecraft.util.GsonHelper.m_13808_(GsonHelper.java:463) ~[server-1.20.1-20230612.114412-srg.jar%23379!/:?]
	at net.minecraft.util.GsonHelper.m_13836_(GsonHelper.java:471) ~[server-1.20.1-20230612.114412-srg.jar%23379!/:?]
	at net.minecraft.world.level.storage.loot.LootPool$Serializer.deserialize(LootPool.java:192) ~[server-1.20.1-20230612.114412-srg.jar%23379!/:?]
	at net.minecraft.world.level.storage.loot.LootPool$Serializer.deserialize(LootPool.java:189) ~[server-1.20.1-20230612.114412-srg.jar%23379!/:?]
	at com.google.gson.internal.bind.TreeTypeAdapter.read(TreeTypeAdapter.java:76) ~[gson-2.10.jar%2372!/:?]
	at com.google.gson.internal.bind.TypeAdapterRuntimeTypeWrapper.read(TypeAdapterRuntimeTypeWrapper.java:40) ~[gson-2.10.jar%2372!/:?]
	at com.google.gson.internal.bind.ArrayTypeAdapter.read(ArrayTypeAdapter.java:72) ~[gson-2.10.jar%2372!/:?]
	at com.google.gson.Gson.fromJson(Gson.java:1214) ~[gson-2.10.jar%2372!/:?]
	at com.google.gson.Gson.fromJson(Gson.java:1319) ~[gson-2.10.jar%2372!/:?]
	at com.google.gson.Gson.fromJson(Gson.java:1290) ~[gson-2.10.jar%2372!/:?]
	at com.google.gson.internal.bind.TreeTypeAdapter$GsonContextImpl.deserialize(TreeTypeAdapter.java:179) ~[gson-2.10.jar%2372!/:?]
	at net.minecraft.util.GsonHelper.m_13808_(GsonHelper.java:463) ~[server-1.20.1-20230612.114412-srg.jar%23379!/:?]
	at net.minecraft.util.GsonHelper.m_13845_(GsonHelper.java:481) ~[server-1.20.1-20230612.114412-srg.jar%23379!/:?]
	at net.minecraft.world.level.storage.loot.LootTable$Serializer.deserialize(LootTable.java:294) ~[server-1.20.1-20230612.114412-srg.jar%23379!/:?]
	at net.minecraft.world.level.storage.loot.LootTable$Serializer.deserialize(LootTable.java:291) ~[server-1.20.1-20230612.114412-srg.jar%23379!/:?]
	at com.google.gson.internal.bind.TreeTypeAdapter.read(TreeTypeAdapter.java:76) ~[gson-2.10.jar%2372!/:?]
	at com.google.gson.Gson.fromJson(Gson.java:1214) ~[gson-2.10.jar%2372!/:?]
	at com.google.gson.Gson.fromJson(Gson.java:1319) ~[gson-2.10.jar%2372!/:?]
	at com.google.gson.Gson.fromJson(Gson.java:1261) ~[gson-2.10.jar%2372!/:?]
	at net.minecraftforge.common.ForgeHooks.loadLootTable(ForgeHooks.java:871) ~[forge-1.20.1-47.4.0-universal.jar%23384!/:?]
	at net.minecraftforge.common.ForgeHooks.lambda$getLootTableDeserializer$3(ForgeHooks.java:848) ~[forge-1.20.1-47.4.0-universal.jar%23384!/:?]
	at net.minecraft.world.level.storage.loot.LootDataType.deserialize(LootDataType.java:45) ~[server-1.20.1-20230612.114412-srg.jar%23379!/:?]
	at net.minecraft.world.level.storage.loot.LootDataManager.lambda$scheduleElementParse$4(LootDataManager.java:56) ~[server-1.20.1-20230612.114412-srg.jar%23379!/:?]
	at net.minecraft.world.level.storage.loot.LootDataManager.md69263c$lambda$cobblemon$supportICondition$0$1(LootDataManager.java:1039) ~[server-1.20.1-20230612.114412-srg.jar%23379!/:?]
	at java.util.HashMap.forEach(HashMap.java:1421) ~[?:?]
	at net.minecraft.world.level.storage.loot.LootDataManager.redirect$zld000$cobblemon$supportICondition(LootDataManager.java:1034) ~[server-1.20.1-20230612.114412-srg.jar%23379!/:?]
	at net.minecraft.world.level.storage.loot.LootDataManager.m_278660_(LootDataManager.java:55) ~[server-1.20.1-20230612.114412-srg.jar%23379!/:?]
	at java.util.concurrent.CompletableFuture$AsyncRun.run(CompletableFuture.java:1804) ~[?:?]
	at java.util.concurrent.CompletableFuture$AsyncRun.exec(CompletableFuture.java:1796) ~[?:?]
	at java.util.concurrent.ForkJoinTask.doExec(ForkJoinTask.java:373) ~[?:?]
	at java.util.concurrent.ForkJoinPool$WorkQueue.topLevelExec(ForkJoinPool.java:1182) ~[?:?]
	at java.util.concurrent.ForkJoinPool.scan(ForkJoinPool.java:1655) ~[?:?]
	at java.util.concurrent.ForkJoinPool.runWorker(ForkJoinPool.java:1622) ~[?:?]
	at java.util.concurrent.ForkJoinWorkerThread.run(ForkJoinWorkerThread.java:165) ~[?:?]
[20Jun2025 08:04:19.926] [Worker-Main-1/ERROR] [net.minecraftforge.common.ForgeHooks/]: Couldn't parse element loot_tables:adorn:blocks/cobblemon/apricorn_drawer
com.google.gson.JsonSyntaxException: Expected name to be an item, was unknown string 'adorn:cobblemon/apricorn_drawer'
	at net.minecraft.util.GsonHelper.m_13866_(GsonHelper.java:145) ~[server-1.20.1-20230612.114412-srg.jar%23379!/:?]
	at java.util.Optional.orElseThrow(Optional.java:403) ~[?:?]
	at net.minecraft.util.GsonHelper.m_13874_(GsonHelper.java:145) ~[server-1.20.1-20230612.114412-srg.jar%23379!/:?]
	at net.minecraft.util.GsonHelper.m_13909_(GsonHelper.java:153) ~[server-1.20.1-20230612.114412-srg.jar%23379!/:?]
	at net.minecraft.world.level.storage.loot.entries.LootItem$Serializer.m_7267_(LootItem.java:55) ~[server-1.20.1-20230612.114412-srg.jar%23379!/:?]
	at net.minecraft.world.level.storage.loot.entries.LootItem$Serializer.m_7267_(LootItem.java:40) ~[server-1.20.1-20230612.114412-srg.jar%23379!/:?]
	at net.minecraft.world.level.storage.loot.entries.LootPoolSingletonContainer$Serializer.m_5921_(LootPoolSingletonContainer.java:151) ~[server-1.20.1-20230612.114412-srg.jar%23379!/:?]
	at net.minecraft.world.level.storage.loot.entries.LootPoolSingletonContainer$Serializer.m_5921_(LootPoolSingletonContainer.java:129) ~[server-1.20.1-20230612.114412-srg.jar%23379!/:?]
	at net.minecraft.world.level.storage.loot.entries.LootPoolEntryContainer$Serializer.m_7561_(LootPoolEntryContainer.java:86) ~[server-1.20.1-20230612.114412-srg.jar%23379!/:?]
	at net.minecraft.world.level.storage.loot.entries.LootPoolEntryContainer$Serializer.m_7561_(LootPoolEntryContainer.java:74) ~[server-1.20.1-20230612.114412-srg.jar%23379!/:?]
	at net.minecraft.world.level.storage.loot.GsonAdapterFactory$JsonAdapter.deserialize(GsonAdapterFactory.java:102) ~[server-1.20.1-20230612.114412-srg.jar%23379!/:?]
	at com.google.gson.internal.bind.TreeTypeAdapter.read(TreeTypeAdapter.java:76) ~[gson-2.10.jar%2372!/:?]
	at com.google.gson.internal.bind.TypeAdapterRuntimeTypeWrapper.read(TypeAdapterRuntimeTypeWrapper.java:40) ~[gson-2.10.jar%2372!/:?]
	at com.google.gson.internal.bind.ArrayTypeAdapter.read(ArrayTypeAdapter.java:72) ~[gson-2.10.jar%2372!/:?]
	at com.google.gson.Gson.fromJson(Gson.java:1214) ~[gson-2.10.jar%2372!/:?]
	at com.google.gson.Gson.fromJson(Gson.java:1319) ~[gson-2.10.jar%2372!/:?]
	at com.google.gson.Gson.fromJson(Gson.java:1290) ~[gson-2.10.jar%2372!/:?]
	at com.google.gson.internal.bind.TreeTypeAdapter$GsonContextImpl.deserialize(TreeTypeAdapter.java:179) ~[gson-2.10.jar%2372!/:?]
	at net.minecraft.util.GsonHelper.m_13808_(GsonHelper.java:463) ~[server-1.20.1-20230612.114412-srg.jar%23379!/:?]
	at net.minecraft.util.GsonHelper.m_13836_(GsonHelper.java:471) ~[server-1.20.1-20230612.114412-srg.jar%23379!/:?]
	at net.minecraft.world.level.storage.loot.LootPool$Serializer.deserialize(LootPool.java:192) ~[server-1.20.1-20230612.114412-srg.jar%23379!/:?]
	at net.minecraft.world.level.storage.loot.LootPool$Serializer.deserialize(LootPool.java:189) ~[server-1.20.1-20230612.114412-srg.jar%23379!/:?]
	at com.google.gson.internal.bind.TreeTypeAdapter.read(TreeTypeAdapter.java:76) ~[gson-2.10.jar%2372!/:?]
	at com.google.gson.internal.bind.TypeAdapterRuntimeTypeWrapper.read(TypeAdapterRuntimeTypeWrapper.java:40) ~[gson-2.10.jar%2372!/:?]
	at com.google.gson.internal.bind.ArrayTypeAdapter.read(ArrayTypeAdapter.java:72) ~[gson-2.10.jar%2372!/:?]
	at com.google.gson.Gson.fromJson(Gson.java:1214) ~[gson-2.10.jar%2372!/:?]
	at com.google.gson.Gson.fromJson(Gson.java:1319) ~[gson-2.10.jar%2372!/:?]
	at com.google.gson.Gson.fromJson(Gson.java:1290) ~[gson-2.10.jar%2372!/:?]
	at com.google.gson.internal.bind.TreeTypeAdapter$GsonContextImpl.deserialize(TreeTypeAdapter.java:179) ~[gson-2.10.jar%2372!/:?]
	at net.minecraft.util.GsonHelper.m_13808_(GsonHelper.java:463) ~[server-1.20.1-20230612.114412-srg.jar%23379!/:?]
	at net.minecraft.util.GsonHelper.m_13845_(GsonHelper.java:481) ~[server-1.20.1-20230612.114412-srg.jar%23379!/:?]
	at net.minecraft.world.level.storage.loot.LootTable$Serializer.deserialize(LootTable.java:294) ~[server-1.20.1-20230612.114412-srg.jar%23379!/:?]
	at net.minecraft.world.level.storage.loot.LootTable$Serializer.deserialize(LootTable.java:291) ~[server-1.20.1-20230612.114412-srg.jar%23379!/:?]
	at com.google.gson.internal.bind.TreeTypeAdapter.read(TreeTypeAdapter.java:76) ~[gson-2.10.jar%2372!/:?]
	at com.google.gson.Gson.fromJson(Gson.java:1214) ~[gson-2.10.jar%2372!/:?]
	at com.google.gson.Gson.fromJson(Gson.java:1319) ~[gson-2.10.jar%2372!/:?]
	at com.google.gson.Gson.fromJson(Gson.java:1261) ~[gson-2.10.jar%2372!/:?]
	at net.minecraftforge.common.ForgeHooks.loadLootTable(ForgeHooks.java:871) ~[forge-1.20.1-47.4.0-universal.jar%23384!/:?]
	at net.minecraftforge.common.ForgeHooks.lambda$getLootTableDeserializer$3(ForgeHooks.java:848) ~[forge-1.20.1-47.4.0-universal.jar%23384!/:?]
	at net.minecraft.world.level.storage.loot.LootDataType.deserialize(LootDataType.java:45) ~[server-1.20.1-20230612.114412-srg.jar%23379!/:?]
	at net.minecraft.world.level.storage.loot.LootDataManager.lambda$scheduleElementParse$4(LootDataManager.java:56) ~[server-1.20.1-20230612.114412-srg.jar%23379!/:?]
	at net.minecraft.world.level.storage.loot.LootDataManager.md69263c$lambda$cobblemon$supportICondition$0$1(LootDataManager.java:1044) ~[server-1.20.1-20230612.114412-srg.jar%23379!/:?]
	at java.util.HashMap.forEach(HashMap.java:1421) ~[?:?]
	at net.minecraft.world.level.storage.loot.LootDataManager.redirect$zld000$cobblemon$supportICondition(LootDataManager.java:1034) ~[server-1.20.1-20230612.114412-srg.jar%23379!/:?]
	at net.minecraft.world.level.storage.loot.LootDataManager.m_278660_(LootDataManager.java:55) ~[server-1.20.1-20230612.114412-srg.jar%23379!/:?]
	at java.util.concurrent.CompletableFuture$AsyncRun.run(CompletableFuture.java:1804) ~[?:?]
	at java.util.concurrent.CompletableFuture$AsyncRun.exec(CompletableFuture.java:1796) ~[?:?]
	at java.util.concurrent.ForkJoinTask.doExec(ForkJoinTask.java:373) ~[?:?]
	at java.util.concurrent.ForkJoinPool$WorkQueue.topLevelExec(ForkJoinPool.java:1182) ~[?:?]
	at java.util.concurrent.ForkJoinPool.scan(ForkJoinPool.java:1655) ~[?:?]
	at java.util.concurrent.ForkJoinPool.runWorker(ForkJoinPool.java:1622) ~[?:?]
	at java.util.concurrent.ForkJoinWorkerThread.run(ForkJoinWorkerThread.java:165) ~[?:?]
[20Jun2025 08:04:19.934] [Worker-Main-1/ERROR] [net.minecraftforge.common.ForgeHooks/]: Couldn't parse element loot_tables:adorn:blocks/cobblemon/apricorn_kitchen_counter
com.google.gson.JsonSyntaxException: Expected name to be an item, was unknown string 'adorn:cobblemon/apricorn_kitchen_counter'
	at net.minecraft.util.GsonHelper.m_13866_(GsonHelper.java:145) ~[server-1.20.1-20230612.114412-srg.jar%23379!/:?]
	at java.util.Optional.orElseThrow(Optional.java:403) ~[?:?]
	at net.minecraft.util.GsonHelper.m_13874_(GsonHelper.java:145) ~[server-1.20.1-20230612.114412-srg.jar%23379!/:?]
	at net.minecraft.util.GsonHelper.m_13909_(GsonHelper.java:153) ~[server-1.20.1-20230612.114412-srg.jar%23379!/:?]
	at net.minecraft.world.level.storage.loot.entries.LootItem$Serializer.m_7267_(LootItem.java:55) ~[server-1.20.1-20230612.114412-srg.jar%23379!/:?]
	at net.minecraft.world.level.storage.loot.entries.LootItem$Serializer.m_7267_(LootItem.java:40) ~[server-1.20.1-20230612.114412-srg.jar%23379!/:?]
	at net.minecraft.world.level.storage.loot.entries.LootPoolSingletonContainer$Serializer.m_5921_(LootPoolSingletonContainer.java:151) ~[server-1.20.1-20230612.114412-srg.jar%23379!/:?]
	at net.minecraft.world.level.storage.loot.entries.LootPoolSingletonContainer$Serializer.m_5921_(LootPoolSingletonContainer.java:129) ~[server-1.20.1-20230612.114412-srg.jar%23379!/:?]
	at net.minecraft.world.level.storage.loot.entries.LootPoolEntryContainer$Serializer.m_7561_(LootPoolEntryContainer.java:86) ~[server-1.20.1-20230612.114412-srg.jar%23379!/:?]
	at net.minecraft.world.level.storage.loot.entries.LootPoolEntryContainer$Serializer.m_7561_(LootPoolEntryContainer.java:74) ~[server-1.20.1-20230612.114412-srg.jar%23379!/:?]
	at net.minecraft.world.level.storage.loot.GsonAdapterFactory$JsonAdapter.deserialize(GsonAdapterFactory.java:102) ~[server-1.20.1-20230612.114412-srg.jar%23379!/:?]
	at com.google.gson.internal.bind.TreeTypeAdapter.read(TreeTypeAdapter.java:76) ~[gson-2.10.jar%2372!/:?]
	at com.google.gson.internal.bind.TypeAdapterRuntimeTypeWrapper.read(TypeAdapterRuntimeTypeWrapper.java:40) ~[gson-2.10.jar%2372!/:?]
	at com.google.gson.internal.bind.ArrayTypeAdapter.read(ArrayTypeAdapter.java:72) ~[gson-2.10.jar%2372!/:?]
	at com.google.gson.Gson.fromJson(Gson.java:1214) ~[gson-2.10.jar%2372!/:?]
	at com.google.gson.Gson.fromJson(Gson.java:1319) ~[gson-2.10.jar%2372!/:?]
	at com.google.gson.Gson.fromJson(Gson.java:1290) ~[gson-2.10.jar%2372!/:?]
	at com.google.gson.internal.bind.TreeTypeAdapter$GsonContextImpl.deserialize(TreeTypeAdapter.java:179) ~[gson-2.10.jar%2372!/:?]
	at net.minecraft.util.GsonHelper.m_13808_(GsonHelper.java:463) ~[server-1.20.1-20230612.114412-srg.jar%23379!/:?]
	at net.minecraft.util.GsonHelper.m_13836_(GsonHelper.java:471) ~[server-1.20.1-20230612.114412-srg.jar%23379!/:?]
	at net.minecraft.world.level.storage.loot.LootPool$Serializer.deserialize(LootPool.java:192) ~[server-1.20.1-20230612.114412-srg.jar%23379!/:?]
	at net.minecraft.world.level.storage.loot.LootPool$Serializer.deserialize(LootPool.java:189) ~[server-1.20.1-20230612.114412-srg.jar%23379!/:?]
	at com.google.gson.internal.bind.TreeTypeAdapter.read(TreeTypeAdapter.java:76) ~[gson-2.10.jar%2372!/:?]
	at com.google.gson.internal.bind.TypeAdapterRuntimeTypeWrapper.read(TypeAdapterRuntimeTypeWrapper.java:40) ~[gson-2.10.jar%2372!/:?]
	at com.google.gson.internal.bind.ArrayTypeAdapter.read(ArrayTypeAdapter.java:72) ~[gson-2.10.jar%2372!/:?]
	at com.google.gson.Gson.fromJson(Gson.java:1214) ~[gson-2.10.jar%2372!/:?]
	at com.google.gson.Gson.fromJson(Gson.java:1319) ~[gson-2.10.jar%2372!/:?]
	at com.google.gson.Gson.fromJson(Gson.java:1290) ~[gson-2.10.jar%2372!/:?]
	at com.google.gson.internal.bind.TreeTypeAdapter$GsonContextImpl.deserialize(TreeTypeAdapter.java:179) ~[gson-2.10.jar%2372!/:?]
	at net.minecraft.util.GsonHelper.m_13808_(GsonHelper.java:463) ~[server-1.20.1-20230612.114412-srg.jar%23379!/:?]
	at net.minecraft.util.GsonHelper.m_13845_(GsonHelper.java:481) ~[server-1.20.1-20230612.114412-srg.jar%23379!/:?]
	at net.minecraft.world.level.storage.loot.LootTable$Serializer.deserialize(LootTable.java:294) ~[server-1.20.1-20230612.114412-srg.jar%23379!/:?]
	at net.minecraft.world.level.storage.loot.LootTable$Serializer.deserialize(LootTable.java:291) ~[server-1.20.1-20230612.114412-srg.jar%23379!/:?]
	at com.google.gson.internal.bind.TreeTypeAdapter.read(TreeTypeAdapter.java:76) ~[gson-2.10.jar%2372!/:?]
	at com.google.gson.Gson.fromJson(Gson.java:1214) ~[gson-2.10.jar%2372!/:?]
	at com.google.gson.Gson.fromJson(Gson.java:1319) ~[gson-2.10.jar%2372!/:?]
	at com.google.gson.Gson.fromJson(Gson.java:1261) ~[gson-2.10.jar%2372!/:?]
	at net.minecraftforge.common.ForgeHooks.loadLootTable(ForgeHooks.java:871) ~[forge-1.20.1-47.4.0-universal.jar%23384!/:?]
	at net.minecraftforge.common.ForgeHooks.lambda$getLootTableDeserializer$3(ForgeHooks.java:848) ~[forge-1.20.1-47.4.0-universal.jar%23384!/:?]
	at net.minecraft.world.level.storage.loot.LootDataType.deserialize(LootDataType.java:45) ~[server-1.20.1-20230612.114412-srg.jar%23379!/:?]
	at net.minecraft.world.level.storage.loot.LootDataManager.lambda$scheduleElementParse$4(LootDataManager.java:56) ~[server-1.20.1-20230612.114412-srg.jar%23379!/:?]
	at net.minecraft.world.level.storage.loot.LootDataManager.md69263c$lambda$cobblemon$supportICondition$0$1(LootDataManager.java:1044) ~[server-1.20.1-20230612.114412-srg.jar%23379!/:?]
	at java.util.HashMap.forEach(HashMap.java:1421) ~[?:?]
	at net.minecraft.world.level.storage.loot.LootDataManager.redirect$zld000$cobblemon$supportICondition(LootDataManager.java:1034) ~[server-1.20.1-20230612.114412-srg.jar%23379!/:?]
	at net.minecraft.world.level.storage.loot.LootDataManager.m_278660_(LootDataManager.java:55) ~[server-1.20.1-20230612.114412-srg.jar%23379!/:?]
	at java.util.concurrent.CompletableFuture$AsyncRun.run(CompletableFuture.java:1804) ~[?:?]
	at java.util.concurrent.CompletableFuture$AsyncRun.exec(CompletableFuture.java:1796) ~[?:?]
	at java.util.concurrent.ForkJoinTask.doExec(ForkJoinTask.java:373) ~[?:?]
	at java.util.concurrent.ForkJoinPool$WorkQueue.topLevelExec(ForkJoinPool.java:1182) ~[?:?]
	at java.util.concurrent.ForkJoinPool.scan(ForkJoinPool.java:1655) ~[?:?]
	at java.util.concurrent.ForkJoinPool.runWorker(ForkJoinPool.java:1622) ~[?:?]
	at java.util.concurrent.ForkJoinWorkerThread.run(ForkJoinWorkerThread.java:165) ~[?:?]
[20Jun2025 08:04:19.936] [Worker-Main-1/ERROR] [net.minecraftforge.common.ForgeHooks/]: Couldn't parse element loot_tables:adorn:blocks/cobblemon/apricorn_chair
java.lang.IllegalArgumentException: Can't find block adorn:cobblemon/apricorn_chair
	at net.minecraft.world.level.storage.loot.predicates.LootItemBlockStatePropertyCondition$Serializer.m_81802_(LootItemBlockStatePropertyCondition.java:79) ~[server-1.20.1-20230612.114412-srg.jar%23379!/:?]
	at java.util.Optional.orElseThrow(Optional.java:403) ~[?:?]
	at net.minecraft.world.level.storage.loot.predicates.LootItemBlockStatePropertyCondition$Serializer.m_7561_(LootItemBlockStatePropertyCondition.java:79) ~[server-1.20.1-20230612.114412-srg.jar%23379!/:?]
	at net.minecraft.world.level.storage.loot.predicates.LootItemBlockStatePropertyCondition$Serializer.m_7561_(LootItemBlockStatePropertyCondition.java:68) ~[server-1.20.1-20230612.114412-srg.jar%23379!/:?]
	at net.minecraft.world.level.storage.loot.GsonAdapterFactory$JsonAdapter.deserialize(GsonAdapterFactory.java:102) ~[server-1.20.1-20230612.114412-srg.jar%23379!/:?]
	at com.google.gson.internal.bind.TreeTypeAdapter.read(TreeTypeAdapter.java:76) ~[gson-2.10.jar%2372!/:?]
	at com.google.gson.internal.bind.TypeAdapterRuntimeTypeWrapper.read(TypeAdapterRuntimeTypeWrapper.java:40) ~[gson-2.10.jar%2372!/:?]
	at com.google.gson.internal.bind.ArrayTypeAdapter.read(ArrayTypeAdapter.java:72) ~[gson-2.10.jar%2372!/:?]
	at com.google.gson.Gson.fromJson(Gson.java:1214) ~[gson-2.10.jar%2372!/:?]
	at com.google.gson.Gson.fromJson(Gson.java:1319) ~[gson-2.10.jar%2372!/:?]
	at com.google.gson.Gson.fromJson(Gson.java:1290) ~[gson-2.10.jar%2372!/:?]
	at com.google.gson.internal.bind.TreeTypeAdapter$GsonContextImpl.deserialize(TreeTypeAdapter.java:179) ~[gson-2.10.jar%2372!/:?]
	at net.minecraft.util.GsonHelper.m_13808_(GsonHelper.java:463) ~[server-1.20.1-20230612.114412-srg.jar%23379!/:?]
	at net.minecraft.util.GsonHelper.m_13845_(GsonHelper.java:481) ~[server-1.20.1-20230612.114412-srg.jar%23379!/:?]
	at net.minecraft.world.level.storage.loot.entries.LootPoolEntryContainer$Serializer.m_7561_(LootPoolEntryContainer.java:85) ~[server-1.20.1-20230612.114412-srg.jar%23379!/:?]
	at net.minecraft.world.level.storage.loot.entries.LootPoolEntryContainer$Serializer.m_7561_(LootPoolEntryContainer.java:74) ~[server-1.20.1-20230612.114412-srg.jar%23379!/:?]
	at net.minecraft.world.level.storage.loot.GsonAdapterFactory$JsonAdapter.deserialize(GsonAdapterFactory.java:102) ~[server-1.20.1-20230612.114412-srg.jar%23379!/:?]
	at com.google.gson.internal.bind.TreeTypeAdapter.read(TreeTypeAdapter.java:76) ~[gson-2.10.jar%2372!/:?]
	at com.google.gson.internal.bind.TypeAdapterRuntimeTypeWrapper.read(TypeAdapterRuntimeTypeWrapper.java:40) ~[gson-2.10.jar%2372!/:?]
	at com.google.gson.internal.bind.ArrayTypeAdapter.read(ArrayTypeAdapter.java:72) ~[gson-2.10.jar%2372!/:?]
	at com.google.gson.Gson.fromJson(Gson.java:1214) ~[gson-2.10.jar%2372!/:?]
	at com.google.gson.Gson.fromJson(Gson.java:1319) ~[gson-2.10.jar%2372!/:?]
	at com.google.gson.Gson.fromJson(Gson.java:1290) ~[gson-2.10.jar%2372!/:?]
	at com.google.gson.internal.bind.TreeTypeAdapter$GsonContextImpl.deserialize(TreeTypeAdapter.java:179) ~[gson-2.10.jar%2372!/:?]
	at net.minecraft.util.GsonHelper.m_13808_(GsonHelper.java:463) ~[server-1.20.1-20230612.114412-srg.jar%23379!/:?]
	at net.minecraft.util.GsonHelper.m_13836_(GsonHelper.java:471) ~[server-1.20.1-20230612.114412-srg.jar%23379!/:?]
	at net.minecraft.world.level.storage.loot.LootPool$Serializer.deserialize(LootPool.java:192) ~[server-1.20.1-20230612.114412-srg.jar%23379!/:?]
	at net.minecraft.world.level.storage.loot.LootPool$Serializer.deserialize(LootPool.java:189) ~[server-1.20.1-20230612.114412-srg.jar%23379!/:?]
	at com.google.gson.internal.bind.TreeTypeAdapter.read(TreeTypeAdapter.java:76) ~[gson-2.10.jar%2372!/:?]
	at com.google.gson.internal.bind.TypeAdapterRuntimeTypeWrapper.read(TypeAdapterRuntimeTypeWrapper.java:40) ~[gson-2.10.jar%2372!/:?]
	at com.google.gson.internal.bind.ArrayTypeAdapter.read(ArrayTypeAdapter.java:72) ~[gson-2.10.jar%2372!/:?]
	at com.google.gson.Gson.fromJson(Gson.java:1214) ~[gson-2.10.jar%2372!/:?]
	at com.google.gson.Gson.fromJson(Gson.java:1319) ~[gson-2.10.jar%2372!/:?]
	at com.google.gson.Gson.fromJson(Gson.java:1290) ~[gson-2.10.jar%2372!/:?]
	at com.google.gson.internal.bind.TreeTypeAdapter$GsonContextImpl.deserialize(TreeTypeAdapter.java:179) ~[gson-2.10.jar%2372!/:?]
	at net.minecraft.util.GsonHelper.m_13808_(GsonHelper.java:463) ~[server-1.20.1-20230612.114412-srg.jar%23379!/:?]
	at net.minecraft.util.GsonHelper.m_13845_(GsonHelper.java:481) ~[server-1.20.1-20230612.114412-srg.jar%23379!/:?]
	at net.minecraft.world.level.storage.loot.LootTable$Serializer.deserialize(LootTable.java:294) ~[server-1.20.1-20230612.114412-srg.jar%23379!/:?]
	at net.minecraft.world.level.storage.loot.LootTable$Serializer.deserialize(LootTable.java:291) ~[server-1.20.1-20230612.114412-srg.jar%23379!/:?]
	at com.google.gson.internal.bind.TreeTypeAdapter.read(TreeTypeAdapter.java:76) ~[gson-2.10.jar%2372!/:?]
	at com.google.gson.Gson.fromJson(Gson.java:1214) ~[gson-2.10.jar%2372!/:?]
	at com.google.gson.Gson.fromJson(Gson.java:1319) ~[gson-2.10.jar%2372!/:?]
	at com.google.gson.Gson.fromJson(Gson.java:1261) ~[gson-2.10.jar%2372!/:?]
	at net.minecraftforge.common.ForgeHooks.loadLootTable(ForgeHooks.java:871) ~[forge-1.20.1-47.4.0-universal.jar%23384!/:?]
	at net.minecraftforge.common.ForgeHooks.lambda$getLootTableDeserializer$3(ForgeHooks.java:848) ~[forge-1.20.1-47.4.0-universal.jar%23384!/:?]
	at net.minecraft.world.level.storage.loot.LootDataType.deserialize(LootDataType.java:45) ~[server-1.20.1-20230612.114412-srg.jar%23379!/:?]
	at net.minecraft.world.level.storage.loot.LootDataManager.lambda$scheduleElementParse$4(LootDataManager.java:56) ~[server-1.20.1-20230612.114412-srg.jar%23379!/:?]
	at net.minecraft.world.level.storage.loot.LootDataManager.md69263c$lambda$cobblemon$supportICondition$0$1(LootDataManager.java:1044) ~[server-1.20.1-20230612.114412-srg.jar%23379!/:?]
	at java.util.HashMap.forEach(HashMap.java:1421) ~[?:?]
	at net.minecraft.world.level.storage.loot.LootDataManager.redirect$zld000$cobblemon$supportICondition(LootDataManager.java:1034) ~[server-1.20.1-20230612.114412-srg.jar%23379!/:?]
	at net.minecraft.world.level.storage.loot.LootDataManager.m_278660_(LootDataManager.java:55) ~[server-1.20.1-20230612.114412-srg.jar%23379!/:?]
	at java.util.concurrent.CompletableFuture$AsyncRun.run(CompletableFuture.java:1804) ~[?:?]
	at java.util.concurrent.CompletableFuture$AsyncRun.exec(CompletableFuture.java:1796) ~[?:?]
	at java.util.concurrent.ForkJoinTask.doExec(ForkJoinTask.java:373) ~[?:?]
	at java.util.concurrent.ForkJoinPool$WorkQueue.topLevelExec(ForkJoinPool.java:1182) ~[?:?]
	at java.util.concurrent.ForkJoinPool.scan(ForkJoinPool.java:1655) ~[?:?]
	at java.util.concurrent.ForkJoinPool.runWorker(ForkJoinPool.java:1622) ~[?:?]
	at java.util.concurrent.ForkJoinWorkerThread.run(ForkJoinWorkerThread.java:165) ~[?:?]
[20Jun2025 08:04:20.059] [Worker-Main-1/ERROR] [net.minecraftforge.common.ForgeHooks/]: Couldn't parse element loot_tables:adorn:blocks/cobblemon/apricorn_bench
com.google.gson.JsonSyntaxException: Expected name to be an item, was unknown string 'adorn:cobblemon/apricorn_bench'
	at net.minecraft.util.GsonHelper.m_13866_(GsonHelper.java:145) ~[server-1.20.1-20230612.114412-srg.jar%23379!/:?]
	at java.util.Optional.orElseThrow(Optional.java:403) ~[?:?]
	at net.minecraft.util.GsonHelper.m_13874_(GsonHelper.java:145) ~[server-1.20.1-20230612.114412-srg.jar%23379!/:?]
	at net.minecraft.util.GsonHelper.m_13909_(GsonHelper.java:153) ~[server-1.20.1-20230612.114412-srg.jar%23379!/:?]
	at net.minecraft.world.level.storage.loot.entries.LootItem$Serializer.m_7267_(LootItem.java:55) ~[server-1.20.1-20230612.114412-srg.jar%23379!/:?]
	at net.minecraft.world.level.storage.loot.entries.LootItem$Serializer.m_7267_(LootItem.java:40) ~[server-1.20.1-20230612.114412-srg.jar%23379!/:?]
	at net.minecraft.world.level.storage.loot.entries.LootPoolSingletonContainer$Serializer.m_5921_(LootPoolSingletonContainer.java:151) ~[server-1.20.1-20230612.114412-srg.jar%23379!/:?]
	at net.minecraft.world.level.storage.loot.entries.LootPoolSingletonContainer$Serializer.m_5921_(LootPoolSingletonContainer.java:129) ~[server-1.20.1-20230612.114412-srg.jar%23379!/:?]
	at net.minecraft.world.level.storage.loot.entries.LootPoolEntryContainer$Serializer.m_7561_(LootPoolEntryContainer.java:86) ~[server-1.20.1-20230612.114412-srg.jar%23379!/:?]
	at net.minecraft.world.level.storage.loot.entries.LootPoolEntryContainer$Serializer.m_7561_(LootPoolEntryContainer.java:74) ~[server-1.20.1-20230612.114412-srg.jar%23379!/:?]
	at net.minecraft.world.level.storage.loot.GsonAdapterFactory$JsonAdapter.deserialize(GsonAdapterFactory.java:102) ~[server-1.20.1-20230612.114412-srg.jar%23379!/:?]
	at com.google.gson.internal.bind.TreeTypeAdapter.read(TreeTypeAdapter.java:76) ~[gson-2.10.jar%2372!/:?]
	at com.google.gson.internal.bind.TypeAdapterRuntimeTypeWrapper.read(TypeAdapterRuntimeTypeWrapper.java:40) ~[gson-2.10.jar%2372!/:?]
	at com.google.gson.internal.bind.ArrayTypeAdapter.read(ArrayTypeAdapter.java:72) ~[gson-2.10.jar%2372!/:?]
	at com.google.gson.Gson.fromJson(Gson.java:1214) ~[gson-2.10.jar%2372!/:?]
	at com.google.gson.Gson.fromJson(Gson.java:1319) ~[gson-2.10.jar%2372!/:?]
	at com.google.gson.Gson.fromJson(Gson.java:1290) ~[gson-2.10.jar%2372!/:?]
	at com.google.gson.internal.bind.TreeTypeAdapter$GsonContextImpl.deserialize(TreeTypeAdapter.java:179) ~[gson-2.10.jar%2372!/:?]
	at net.minecraft.util.GsonHelper.m_13808_(GsonHelper.java:463) ~[server-1.20.1-20230612.114412-srg.jar%23379!/:?]
	at net.minecraft.util.GsonHelper.m_13836_(GsonHelper.java:471) ~[server-1.20.1-20230612.114412-srg.jar%23379!/:?]
	at net.minecraft.world.level.storage.loot.LootPool$Serializer.deserialize(LootPool.java:192) ~[server-1.20.1-20230612.114412-srg.jar%23379!/:?]
	at net.minecraft.world.level.storage.loot.LootPool$Serializer.deserialize(LootPool.java:189) ~[server-1.20.1-20230612.114412-srg.jar%23379!/:?]
	at com.google.gson.internal.bind.TreeTypeAdapter.read(TreeTypeAdapter.java:76) ~[gson-2.10.jar%2372!/:?]
	at com.google.gson.internal.bind.TypeAdapterRuntimeTypeWrapper.read(TypeAdapterRuntimeTypeWrapper.java:40) ~[gson-2.10.jar%2372!/:?]
	at com.google.gson.internal.bind.ArrayTypeAdapter.read(ArrayTypeAdapter.java:72) ~[gson-2.10.jar%2372!/:?]
	at com.google.gson.Gson.fromJson(Gson.java:1214) ~[gson-2.10.jar%2372!/:?]
	at com.google.gson.Gson.fromJson(Gson.java:1319) ~[gson-2.10.jar%2372!/:?]
	at com.google.gson.Gson.fromJson(Gson.java:1290) ~[gson-2.10.jar%2372!/:?]
	at com.google.gson.internal.bind.TreeTypeAdapter$GsonContextImpl.deserialize(TreeTypeAdapter.java:179) ~[gson-2.10.jar%2372!/:?]
	at net.minecraft.util.GsonHelper.m_13808_(GsonHelper.java:463) ~[server-1.20.1-20230612.114412-srg.jar%23379!/:?]
	at net.minecraft.util.GsonHelper.m_13845_(GsonHelper.java:481) ~[server-1.20.1-20230612.114412-srg.jar%23379!/:?]
	at net.minecraft.world.level.storage.loot.LootTable$Serializer.deserialize(LootTable.java:294) ~[server-1.20.1-20230612.114412-srg.jar%23379!/:?]
	at net.minecraft.world.level.storage.loot.LootTable$Serializer.deserialize(LootTable.java:291) ~[server-1.20.1-20230612.114412-srg.jar%23379!/:?]
	at com.google.gson.internal.bind.TreeTypeAdapter.read(TreeTypeAdapter.java:76) ~[gson-2.10.jar%2372!/:?]
	at com.google.gson.Gson.fromJson(Gson.java:1214) ~[gson-2.10.jar%2372!/:?]
	at com.google.gson.Gson.fromJson(Gson.java:1319) ~[gson-2.10.jar%2372!/:?]
	at com.google.gson.Gson.fromJson(Gson.java:1261) ~[gson-2.10.jar%2372!/:?]
	at net.minecraftforge.common.ForgeHooks.loadLootTable(ForgeHooks.java:871) ~[forge-1.20.1-47.4.0-universal.jar%23384!/:?]
	at net.minecraftforge.common.ForgeHooks.lambda$getLootTableDeserializer$3(ForgeHooks.java:848) ~[forge-1.20.1-47.4.0-universal.jar%23384!/:?]
	at net.minecraft.world.level.storage.loot.LootDataType.deserialize(LootDataType.java:45) ~[server-1.20.1-20230612.114412-srg.jar%23379!/:?]
	at net.minecraft.world.level.storage.loot.LootDataManager.lambda$scheduleElementParse$4(LootDataManager.java:56) ~[server-1.20.1-20230612.114412-srg.jar%23379!/:?]
	at net.minecraft.world.level.storage.loot.LootDataManager.md69263c$lambda$cobblemon$supportICondition$0$1(LootDataManager.java:1044) ~[server-1.20.1-20230612.114412-srg.jar%23379!/:?]
	at java.util.HashMap.forEach(HashMap.java:1421) ~[?:?]
	at net.minecraft.world.level.storage.loot.LootDataManager.redirect$zld000$cobblemon$supportICondition(LootDataManager.java:1034) ~[server-1.20.1-20230612.114412-srg.jar%23379!/:?]
	at net.minecraft.world.level.storage.loot.LootDataManager.m_278660_(LootDataManager.java:55) ~[server-1.20.1-20230612.114412-srg.jar%23379!/:?]
	at java.util.concurrent.CompletableFuture$AsyncRun.run(CompletableFuture.java:1804) ~[?:?]
	at java.util.concurrent.CompletableFuture$AsyncRun.exec(CompletableFuture.java:1796) ~[?:?]
	at java.util.concurrent.ForkJoinTask.doExec(ForkJoinTask.java:373) ~[?:?]
	at java.util.concurrent.ForkJoinPool$WorkQueue.topLevelExec(ForkJoinPool.java:1182) ~[?:?]
	at java.util.concurrent.ForkJoinPool.scan(ForkJoinPool.java:1655) ~[?:?]
	at java.util.concurrent.ForkJoinPool.runWorker(ForkJoinPool.java:1622) ~[?:?]
	at java.util.concurrent.ForkJoinWorkerThread.run(ForkJoinWorkerThread.java:165) ~[?:?]
[20Jun2025 08:04:20.138] [Worker-Main-1/ERROR] [net.minecraftforge.common.ForgeHooks/]: Couldn't parse element loot_tables:adorn:blocks/cobblemon/apricorn_coffee_table
com.google.gson.JsonSyntaxException: Expected name to be an item, was unknown string 'adorn:cobblemon/apricorn_coffee_table'
	at net.minecraft.util.GsonHelper.m_13866_(GsonHelper.java:145) ~[server-1.20.1-20230612.114412-srg.jar%23379!/:?]
	at java.util.Optional.orElseThrow(Optional.java:403) ~[?:?]
	at net.minecraft.util.GsonHelper.m_13874_(GsonHelper.java:145) ~[server-1.20.1-20230612.114412-srg.jar%23379!/:?]
	at net.minecraft.util.GsonHelper.m_13909_(GsonHelper.java:153) ~[server-1.20.1-20230612.114412-srg.jar%23379!/:?]
	at net.minecraft.world.level.storage.loot.entries.LootItem$Serializer.m_7267_(LootItem.java:55) ~[server-1.20.1-20230612.114412-srg.jar%23379!/:?]
	at net.minecraft.world.level.storage.loot.entries.LootItem$Serializer.m_7267_(LootItem.java:40) ~[server-1.20.1-20230612.114412-srg.jar%23379!/:?]
	at net.minecraft.world.level.storage.loot.entries.LootPoolSingletonContainer$Serializer.m_5921_(LootPoolSingletonContainer.java:151) ~[server-1.20.1-20230612.114412-srg.jar%23379!/:?]
	at net.minecraft.world.level.storage.loot.entries.LootPoolSingletonContainer$Serializer.m_5921_(LootPoolSingletonContainer.java:129) ~[server-1.20.1-20230612.114412-srg.jar%23379!/:?]
	at net.minecraft.world.level.storage.loot.entries.LootPoolEntryContainer$Serializer.m_7561_(LootPoolEntryContainer.java:86) ~[server-1.20.1-20230612.114412-srg.jar%23379!/:?]
	at net.minecraft.world.level.storage.loot.entries.LootPoolEntryContainer$Serializer.m_7561_(LootPoolEntryContainer.java:74) ~[server-1.20.1-20230612.114412-srg.jar%23379!/:?]
	at net.minecraft.world.level.storage.loot.GsonAdapterFactory$JsonAdapter.deserialize(GsonAdapterFactory.java:102) ~[server-1.20.1-20230612.114412-srg.jar%23379!/:?]
	at com.google.gson.internal.bind.TreeTypeAdapter.read(TreeTypeAdapter.java:76) ~[gson-2.10.jar%2372!/:?]
	at com.google.gson.internal.bind.TypeAdapterRuntimeTypeWrapper.read(TypeAdapterRuntimeTypeWrapper.java:40) ~[gson-2.10.jar%2372!/:?]
	at com.google.gson.internal.bind.ArrayTypeAdapter.read(ArrayTypeAdapter.java:72) ~[gson-2.10.jar%2372!/:?]
	at com.google.gson.Gson.fromJson(Gson.java:1214) ~[gson-2.10.jar%2372!/:?]
	at com.google.gson.Gson.fromJson(Gson.java:1319) ~[gson-2.10.jar%2372!/:?]
	at com.google.gson.Gson.fromJson(Gson.java:1290) ~[gson-2.10.jar%2372!/:?]
	at com.google.gson.internal.bind.TreeTypeAdapter$GsonContextImpl.deserialize(TreeTypeAdapter.java:179) ~[gson-2.10.jar%2372!/:?]
	at net.minecraft.util.GsonHelper.m_13808_(GsonHelper.java:463) ~[server-1.20.1-20230612.114412-srg.jar%23379!/:?]
	at net.minecraft.util.GsonHelper.m_13836_(GsonHelper.java:471) ~[server-1.20.1-20230612.114412-srg.jar%23379!/:?]
	at net.minecraft.world.level.storage.loot.LootPool$Serializer.deserialize(LootPool.java:192) ~[server-1.20.1-20230612.114412-srg.jar%23379!/:?]
	at net.minecraft.world.level.storage.loot.LootPool$Serializer.deserialize(LootPool.java:189) ~[server-1.20.1-20230612.114412-srg.jar%23379!/:?]
	at com.google.gson.internal.bind.TreeTypeAdapter.read(TreeTypeAdapter.java:76) ~[gson-2.10.jar%2372!/:?]
	at com.google.gson.internal.bind.TypeAdapterRuntimeTypeWrapper.read(TypeAdapterRuntimeTypeWrapper.java:40) ~[gson-2.10.jar%2372!/:?]
	at com.google.gson.internal.bind.ArrayTypeAdapter.read(ArrayTypeAdapter.java:72) ~[gson-2.10.jar%2372!/:?]
	at com.google.gson.Gson.fromJson(Gson.java:1214) ~[gson-2.10.jar%2372!/:?]
	at com.google.gson.Gson.fromJson(Gson.java:1319) ~[gson-2.10.jar%2372!/:?]
	at com.google.gson.Gson.fromJson(Gson.java:1290) ~[gson-2.10.jar%2372!/:?]
	at com.google.gson.internal.bind.TreeTypeAdapter$GsonContextImpl.deserialize(TreeTypeAdapter.java:179) ~[gson-2.10.jar%2372!/:?]
	at net.minecraft.util.GsonHelper.m_13808_(GsonHelper.java:463) ~[server-1.20.1-20230612.114412-srg.jar%23379!/:?]
	at net.minecraft.util.GsonHelper.m_13845_(GsonHelper.java:481) ~[server-1.20.1-20230612.114412-srg.jar%23379!/:?]
	at net.minecraft.world.level.storage.loot.LootTable$Serializer.deserialize(LootTable.java:294) ~[server-1.20.1-20230612.114412-srg.jar%23379!/:?]
	at net.minecraft.world.level.storage.loot.LootTable$Serializer.deserialize(LootTable.java:291) ~[server-1.20.1-20230612.114412-srg.jar%23379!/:?]
	at com.google.gson.internal.bind.TreeTypeAdapter.read(TreeTypeAdapter.java:76) ~[gson-2.10.jar%2372!/:?]
	at com.google.gson.Gson.fromJson(Gson.java:1214) ~[gson-2.10.jar%2372!/:?]
	at com.google.gson.Gson.fromJson(Gson.java:1319) ~[gson-2.10.jar%2372!/:?]
	at com.google.gson.Gson.fromJson(Gson.java:1261) ~[gson-2.10.jar%2372!/:?]
	at net.minecraftforge.common.ForgeHooks.loadLootTable(ForgeHooks.java:871) ~[forge-1.20.1-47.4.0-universal.jar%23384!/:?]
	at net.minecraftforge.common.ForgeHooks.lambda$getLootTableDeserializer$3(ForgeHooks.java:848) ~[forge-1.20.1-47.4.0-universal.jar%23384!/:?]
	at net.minecraft.world.level.storage.loot.LootDataType.deserialize(LootDataType.java:45) ~[server-1.20.1-20230612.114412-srg.jar%23379!/:?]
	at net.minecraft.world.level.storage.loot.LootDataManager.lambda$scheduleElementParse$4(LootDataManager.java:56) ~[server-1.20.1-20230612.114412-srg.jar%23379!/:?]
	at net.minecraft.world.level.storage.loot.LootDataManager.md69263c$lambda$cobblemon$supportICondition$0$1(LootDataManager.java:1044) ~[server-1.20.1-20230612.114412-srg.jar%23379!/:?]
	at java.util.HashMap.forEach(HashMap.java:1421) ~[?:?]
	at net.minecraft.world.level.storage.loot.LootDataManager.redirect$zld000$cobblemon$supportICondition(LootDataManager.java:1034) ~[server-1.20.1-20230612.114412-srg.jar%23379!/:?]
	at net.minecraft.world.level.storage.loot.LootDataManager.m_278660_(LootDataManager.java:55) ~[server-1.20.1-20230612.114412-srg.jar%23379!/:?]
	at java.util.concurrent.CompletableFuture$AsyncRun.run(CompletableFuture.java:1804) ~[?:?]
	at java.util.concurrent.CompletableFuture$AsyncRun.exec(CompletableFuture.java:1796) ~[?:?]
	at java.util.concurrent.ForkJoinTask.doExec(ForkJoinTask.java:373) ~[?:?]
	at java.util.concurrent.ForkJoinPool$WorkQueue.topLevelExec(ForkJoinPool.java:1182) ~[?:?]
	at java.util.concurrent.ForkJoinPool.scan(ForkJoinPool.java:1655) ~[?:?]
	at java.util.concurrent.ForkJoinPool.runWorker(ForkJoinPool.java:1622) ~[?:?]
	at java.util.concurrent.ForkJoinWorkerThread.run(ForkJoinWorkerThread.java:165) ~[?:?]
[20Jun2025 08:04:20.183] [Worker-Main-1/ERROR] [net.minecraftforge.common.ForgeHooks/]: Couldn't parse element loot_tables:adorn:blocks/cobblemon/apricorn_shelf
com.google.gson.JsonSyntaxException: Expected name to be an item, was unknown string 'adorn:cobblemon/apricorn_shelf'
	at net.minecraft.util.GsonHelper.m_13866_(GsonHelper.java:145) ~[server-1.20.1-20230612.114412-srg.jar%23379!/:?]
	at java.util.Optional.orElseThrow(Optional.java:403) ~[?:?]
	at net.minecraft.util.GsonHelper.m_13874_(GsonHelper.java:145) ~[server-1.20.1-20230612.114412-srg.jar%23379!/:?]
	at net.minecraft.util.GsonHelper.m_13909_(GsonHelper.java:153) ~[server-1.20.1-20230612.114412-srg.jar%23379!/:?]
	at net.minecraft.world.level.storage.loot.entries.LootItem$Serializer.m_7267_(LootItem.java:55) ~[server-1.20.1-20230612.114412-srg.jar%23379!/:?]
	at net.minecraft.world.level.storage.loot.entries.LootItem$Serializer.m_7267_(LootItem.java:40) ~[server-1.20.1-20230612.114412-srg.jar%23379!/:?]
	at net.minecraft.world.level.storage.loot.entries.LootPoolSingletonContainer$Serializer.m_5921_(LootPoolSingletonContainer.java:151) ~[server-1.20.1-20230612.114412-srg.jar%23379!/:?]
	at net.minecraft.world.level.storage.loot.entries.LootPoolSingletonContainer$Serializer.m_5921_(LootPoolSingletonContainer.java:129) ~[server-1.20.1-20230612.114412-srg.jar%23379!/:?]
	at net.minecraft.world.level.storage.loot.entries.LootPoolEntryContainer$Serializer.m_7561_(LootPoolEntryContainer.java:86) ~[server-1.20.1-20230612.114412-srg.jar%23379!/:?]
	at net.minecraft.world.level.storage.loot.entries.LootPoolEntryContainer$Serializer.m_7561_(LootPoolEntryContainer.java:74) ~[server-1.20.1-20230612.114412-srg.jar%23379!/:?]
	at net.minecraft.world.level.storage.loot.GsonAdapterFactory$JsonAdapter.deserialize(GsonAdapterFactory.java:102) ~[server-1.20.1-20230612.114412-srg.jar%23379!/:?]
	at com.google.gson.internal.bind.TreeTypeAdapter.read(TreeTypeAdapter.java:76) ~[gson-2.10.jar%2372!/:?]
	at com.google.gson.internal.bind.TypeAdapterRuntimeTypeWrapper.read(TypeAdapterRuntimeTypeWrapper.java:40) ~[gson-2.10.jar%2372!/:?]
	at com.google.gson.internal.bind.ArrayTypeAdapter.read(ArrayTypeAdapter.java:72) ~[gson-2.10.jar%2372!/:?]
	at com.google.gson.Gson.fromJson(Gson.java:1214) ~[gson-2.10.jar%2372!/:?]
	at com.google.gson.Gson.fromJson(Gson.java:1319) ~[gson-2.10.jar%2372!/:?]
	at com.google.gson.Gson.fromJson(Gson.java:1290) ~[gson-2.10.jar%2372!/:?]
	at com.google.gson.internal.bind.TreeTypeAdapter$GsonContextImpl.deserialize(TreeTypeAdapter.java:179) ~[gson-2.10.jar%2372!/:?]
	at net.minecraft.util.GsonHelper.m_13808_(GsonHelper.java:463) ~[server-1.20.1-20230612.114412-srg.jar%23379!/:?]
	at net.minecraft.util.GsonHelper.m_13836_(GsonHelper.java:471) ~[server-1.20.1-20230612.114412-srg.jar%23379!/:?]
	at net.minecraft.world.level.storage.loot.LootPool$Serializer.deserialize(LootPool.java:192) ~[server-1.20.1-20230612.114412-srg.jar%23379!/:?]
	at net.minecraft.world.level.storage.loot.LootPool$Serializer.deserialize(LootPool.java:189) ~[server-1.20.1-20230612.114412-srg.jar%23379!/:?]
	at com.google.gson.internal.bind.TreeTypeAdapter.read(TreeTypeAdapter.java:76) ~[gson-2.10.jar%2372!/:?]
	at com.google.gson.internal.bind.TypeAdapterRuntimeTypeWrapper.read(TypeAdapterRuntimeTypeWrapper.java:40) ~[gson-2.10.jar%2372!/:?]
	at com.google.gson.internal.bind.ArrayTypeAdapter.read(ArrayTypeAdapter.java:72) ~[gson-2.10.jar%2372!/:?]
	at com.google.gson.Gson.fromJson(Gson.java:1214) ~[gson-2.10.jar%2372!/:?]
	at com.google.gson.Gson.fromJson(Gson.java:1319) ~[gson-2.10.jar%2372!/:?]
	at com.google.gson.Gson.fromJson(Gson.java:1290) ~[gson-2.10.jar%2372!/:?]
	at com.google.gson.internal.bind.TreeTypeAdapter$GsonContextImpl.deserialize(TreeTypeAdapter.java:179) ~[gson-2.10.jar%2372!/:?]
	at net.minecraft.util.GsonHelper.m_13808_(GsonHelper.java:463) ~[server-1.20.1-20230612.114412-srg.jar%23379!/:?]
	at net.minecraft.util.GsonHelper.m_13845_(GsonHelper.java:481) ~[server-1.20.1-20230612.114412-srg.jar%23379!/:?]
	at net.minecraft.world.level.storage.loot.LootTable$Serializer.deserialize(LootTable.java:294) ~[server-1.20.1-20230612.114412-srg.jar%23379!/:?]
	at net.minecraft.world.level.storage.loot.LootTable$Serializer.deserialize(LootTable.java:291) ~[server-1.20.1-20230612.114412-srg.jar%23379!/:?]
	at com.google.gson.internal.bind.TreeTypeAdapter.read(TreeTypeAdapter.java:76) ~[gson-2.10.jar%2372!/:?]
	at com.google.gson.Gson.fromJson(Gson.java:1214) ~[gson-2.10.jar%2372!/:?]
	at com.google.gson.Gson.fromJson(Gson.java:1319) ~[gson-2.10.jar%2372!/:?]
	at com.google.gson.Gson.fromJson(Gson.java:1261) ~[gson-2.10.jar%2372!/:?]
	at net.minecraftforge.common.ForgeHooks.loadLootTable(ForgeHooks.java:871) ~[forge-1.20.1-47.4.0-universal.jar%23384!/:?]
	at net.minecraftforge.common.ForgeHooks.lambda$getLootTableDeserializer$3(ForgeHooks.java:848) ~[forge-1.20.1-47.4.0-universal.jar%23384!/:?]
	at net.minecraft.world.level.storage.loot.LootDataType.deserialize(LootDataType.java:45) ~[server-1.20.1-20230612.114412-srg.jar%23379!/:?]
	at net.minecraft.world.level.storage.loot.LootDataManager.lambda$scheduleElementParse$4(LootDataManager.java:56) ~[server-1.20.1-20230612.114412-srg.jar%23379!/:?]
	at net.minecraft.world.level.storage.loot.LootDataManager.md69263c$lambda$cobblemon$supportICondition$0$1(LootDataManager.java:1044) ~[server-1.20.1-20230612.114412-srg.jar%23379!/:?]
	at java.util.HashMap.forEach(HashMap.java:1421) ~[?:?]
	at net.minecraft.world.level.storage.loot.LootDataManager.redirect$zld000$cobblemon$supportICondition(LootDataManager.java:1034) ~[server-1.20.1-20230612.114412-srg.jar%23379!/:?]
	at net.minecraft.world.level.storage.loot.LootDataManager.m_278660_(LootDataManager.java:55) ~[server-1.20.1-20230612.114412-srg.jar%23379!/:?]
	at java.util.concurrent.CompletableFuture$AsyncRun.run(CompletableFuture.java:1804) ~[?:?]
	at java.util.concurrent.CompletableFuture$AsyncRun.exec(CompletableFuture.java:1796) ~[?:?]
	at java.util.concurrent.ForkJoinTask.doExec(ForkJoinTask.java:373) ~[?:?]
	at java.util.concurrent.ForkJoinPool$WorkQueue.topLevelExec(ForkJoinPool.java:1182) ~[?:?]
	at java.util.concurrent.ForkJoinPool.scan(ForkJoinPool.java:1655) ~[?:?]
	at java.util.concurrent.ForkJoinPool.runWorker(ForkJoinPool.java:1622) ~[?:?]
	at java.util.concurrent.ForkJoinWorkerThread.run(ForkJoinWorkerThread.java:165) ~[?:?]
[20Jun2025 08:04:20.274] [main/INFO] [com.teamabnormals.blueprint.core.Blueprint/]: Loot Modification Manager has loaded 0 modifier groups
[20Jun2025 08:04:20.364] [main/WARN] [net.minecraft.world.level.storage.loot.LootDataManager/]: Found loot table element validation problem in {loot_tables:alexsmobs:gameplay/seal_reward}.pools[0].entries[0]->{minecraft:gameplay/fishing/junk}.pools[1].condition[1]: Parameters [<parameter minecraft:origin>] are not provided in this context
[20Jun2025 08:04:20.499] [main/ERROR] [net.minecraft.world.item.crafting.RecipeManager/]: Parsing error loading recipe the_deep_void:peeping_roots_wood: com.google.gson.JsonSyntaxException: Unknown item 'the_deep_void:infested_rotten_wood'
[20Jun2025 08:04:20.523] [main/ERROR] [net.minecraft.world.item.crafting.RecipeManager/]: Parsing error loading recipe legendary_monsters:ancient_dripstone_brick_stairs_left: com.google.gson.JsonSyntaxException: Unknown item 'legendary_monsters:ancient_dripstone_brick'
[20Jun2025 08:04:20.537] [main/ERROR] [net.minecraft.world.item.crafting.RecipeManager/]: Parsing error loading recipe legendary_monsters:dinosaur_bone_meal: com.google.gson.JsonSyntaxException: Unknown item 'legendary_monsters:dinosaur_bone_meal'
[20Jun2025 08:04:20.541] [main/ERROR] [net.minecraft.world.item.crafting.RecipeManager/]: Parsing error loading recipe unusualprehistory:trike_shield_smithing: com.google.gson.JsonSyntaxException: Invalid or unsupported recipe type 'minecraft:smithing'
[20Jun2025 08:04:20.642] [main/ERROR] [net.minecraft.world.item.crafting.RecipeManager/]: Parsing error loading recipe legendary_monsters:purified_soul: com.google.gson.JsonSyntaxException: Invalid or unsupported recipe type 'minecraft:brewing'
[20Jun2025 08:04:20.685] [main/INFO] [net.minecraft.world.item.crafting.RecipeManager/]: Loaded 43 recipes
[20Jun2025 08:04:20.711] [main/ERROR] [HammerLib/]: Register attachment for RegisterRecipesEvent: org.zeith.hammerlib.core.test.HammerLibRecipeExtension.
[20Jun2025 08:04:20.725] [main/INFO] [HammerLib/]: Reloading HammerLib recipes...
[20Jun2025 08:04:20.726] [main/INFO] [HammerLib/]: HammerLib injected 8 recipes into recipe map. Removed 0 recipes from the game.
[20Jun2025 08:04:20.731] [main/INFO] [HammerLib/]: Registered 8 additional recipes.
[20Jun2025 08:04:20.731] [main/INFO] [com.teamabnormals.blueprint.core.Blueprint/]: Advancement Modification Manager has loaded 0 modifier groups
[20Jun2025 08:04:20.735] [main/WARN] [HammerLib/]: Unable to find registry for tag directory tags/functions
[20Jun2025 08:04:20.998] [main/ERROR] [net.minecraft.server.ServerAdvancementManager/]: Parsing error loading custom advancement minecraft:main/tame_barina: Failed to parse 'location' field
[20Jun2025 08:04:21.017] [main/ERROR] [net.minecraft.server.ServerAdvancementManager/]: Parsing error loading custom advancement legendary_monsters:defeat_ambusher: Expected item to be an item, was unknown string 'legendary_monsters:ancient_dripstone_shard'
[20Jun2025 08:04:21.034] [main/INFO] [quark/]: [Automatic Recipe Unlock] Removed 4956 recipe advancements
[20Jun2025 08:04:21.052] [main/INFO] [net.minecraft.advancements.AdvancementList/]: Loaded 1306 advancements
[20Jun2025 08:04:21.063] [main/INFO] [placebo/]: Registered 0 additional recipes.
[20Jun2025 08:04:21.068] [main/INFO] [io.github.mortuusars.exposure.Exposure/]: Loading exposure lenses:
[20Jun2025 08:04:21.069] [main/INFO] [io.github.mortuusars.exposure.Exposure/]: Lens [exposure:spyglass, FocalRange[min=55, max=200]] added.
[20Jun2025 08:04:21.077] [main/INFO] [top.theillusivec4.curios.Curios/]: Loaded 14 curio slots
[20Jun2025 08:04:21.086] [main/INFO] [top.theillusivec4.curios.Curios/]: Loaded 1 curio entities
[20Jun2025 08:04:21.156] [main/WARN] [forge.net.mca.MCA/]: Dialogue cobblemon:example is not properly formatted, not loading
[20Jun2025 08:04:21.206] [main/INFO] [Dungeon Crawl/]: Loading data...
[20Jun2025 08:04:21.646] [main/INFO] [Dungeon Crawl/]: Done.
[20Jun2025 08:04:26.110] [main/INFO] [com.cobblemon.mod.common.Cobblemon/]: Loaded 936 moves
[20Jun2025 08:04:26.228] [main/INFO] [com.cobblemon.mod.common.Cobblemon/]: Loaded 314 abilities
[20Jun2025 08:04:26.487] [main/ERROR] [com.cobblemon.mod.common.Cobblemon/]: Unable to load entry from learnset: "6:antonish"
[20Jun2025 08:04:26.525] [main/INFO] [com.cobblemon.mod.common.Cobblemon/]: Finished additions
[20Jun2025 08:04:27.734] [main/INFO] [com.cobblemon.mod.common.Cobblemon/]: Imported 244 held item IDs from showdown
[20Jun2025 08:04:27.734] [main/INFO] [com.cobblemon.mod.common.Cobblemon/]: Loaded 1052 Pokémon species
[20Jun2025 08:04:27.750] [main/INFO] [com.cobblemon.mod.common.Cobblemon/]: Loaded 44 spawn detail presets.
[20Jun2025 08:04:27.770] [main/INFO] [com.cobblemon.mod.common.Cobblemon/]: Starting dummy Showdown battle to force it to pre-load data.
[20Jun2025 08:04:27.819] [main/INFO] [com.cobblemon.mod.common.Cobblemon/]: Loaded 17 fossils
[20Jun2025 08:04:28.303] [main/ERROR] [com.cobblemon.mod.common.Cobblemon/]: Unknown preset name: underground.
[20Jun2025 08:04:28.304] [main/ERROR] [com.cobblemon.mod.common.Cobblemon/]: Unknown preset name: underground.
[20Jun2025 08:04:28.648] [main/ERROR] [com.cobblemon.mod.common.Cobblemon/]: Unknown preset name: underground.
[20Jun2025 08:04:28.663] [main/ERROR] [com.cobblemon.mod.common.Cobblemon/]: Unknown preset name: underground.
[20Jun2025 08:04:28.669] [main/ERROR] [com.cobblemon.mod.common.Cobblemon/]: Unknown preset name: underground.
[20Jun2025 08:04:28.787] [main/ERROR] [com.cobblemon.mod.common.Cobblemon/]: Unknown preset name: underground.
[20Jun2025 08:04:28.791] [main/ERROR] [com.cobblemon.mod.common.Cobblemon/]: Unknown preset name: underground.
[20Jun2025 08:04:28.815] [main/ERROR] [com.cobblemon.mod.common.Cobblemon/]: Unknown preset name: underground.
[20Jun2025 08:04:28.820] [main/ERROR] [com.cobblemon.mod.common.Cobblemon/]: Invalid species for spawn detail: slowking2
[20Jun2025 08:04:28.840] [main/INFO] [com.cobblemon.mod.common.Cobblemon/]: Loaded 69 berries
[20Jun2025 08:04:28.840] [main/INFO] [com.teamabnormals.blueprint.core.Blueprint/]: Chunk Generator Modification Manager has loaded 0 modifier groups
[20Jun2025 08:04:28.846] [main/INFO] [com.peeko32213.unusualprehistory.common.data.AnalyzerRecipeJsonManager/]: Data loader for unusualprehistory/analyzer loaded 14 jsons
[20Jun2025 08:04:28.846] [main/INFO] [com.peeko32213.unusualprehistory.common.data.LootFruitJsonManager/]: Data loader for unusualprehistory/trades loaded 4 jsons
[20Jun2025 08:04:28.865] [main/INFO] [com.peeko32213.unusualprehistory.common.data.EncyclopediaJsonManager/]: Data loader for unusualprehistory/encyclopedia loaded 47 jsons
[20Jun2025 08:04:28.887] [main/INFO] [com.brutalbosses.BrutalBosses/]: Loaded boss variant for: minecraft:drowned
[20Jun2025 08:04:28.888] [main/INFO] [com.brutalbosses.BrutalBosses/]: Loaded boss variant for: minecraft:iron_golem
[20Jun2025 08:04:28.888] [main/INFO] [com.brutalbosses.BrutalBosses/]: Loaded boss variant for: minecraft:snow_golem
[20Jun2025 08:04:28.888] [main/INFO] [com.brutalbosses.BrutalBosses/]: Loaded boss variant for: minecraft:zombie
[20Jun2025 08:04:28.888] [main/INFO] [com.brutalbosses.BrutalBosses/]: Loaded boss variant for: minecraft:skeleton
[20Jun2025 08:04:28.888] [main/INFO] [com.brutalbosses.BrutalBosses/]: Loaded boss variant for: minecraft:pillager
[20Jun2025 08:04:28.888] [main/INFO] [com.brutalbosses.BrutalBosses/]: Loaded boss variant for: minecraft:vex
[20Jun2025 08:04:28.888] [main/INFO] [com.brutalbosses.BrutalBosses/]: Loaded boss variant for: minecraft:evoker
[20Jun2025 08:04:28.888] [main/INFO] [com.brutalbosses.BrutalBosses/]: Loaded boss variant for: minecraft:zombie
[20Jun2025 08:04:28.889] [main/INFO] [com.brutalbosses.BrutalBosses/]: Loaded boss variant for: minecraft:vindicator
[20Jun2025 08:04:28.889] [main/INFO] [com.brutalbosses.BrutalBosses/]: Loaded boss variant for: minecraft:wither_skeleton
[20Jun2025 08:04:28.889] [main/INFO] [com.brutalbosses.BrutalBosses/]: Loaded boss variant for: minecraft:wither_skeleton
[20Jun2025 08:04:28.889] [main/INFO] [com.brutalbosses.BrutalBosses/]: Loaded boss variant for: minecraft:cave_spider
[20Jun2025 08:04:28.889] [main/INFO] [com.brutalbosses.BrutalBosses/]: Loaded boss variant for: minecraft:zombie
[20Jun2025 08:04:28.889] [main/INFO] [com.brutalbosses.BrutalBosses/]: Loaded boss variant for: minecraft:husk
[20Jun2025 08:04:28.889] [main/INFO] [com.brutalbosses.BrutalBosses/]: Loaded boss variant for: minecraft:evoker
[20Jun2025 08:04:28.889] [main/INFO] [com.brutalbosses.BrutalBosses/]: Loaded boss variant for: minecraft:wandering_trader
[20Jun2025 08:04:28.889] [main/INFO] [com.brutalbosses.BrutalBosses/]: Loaded boss variant for: minecraft:guardian
[20Jun2025 08:04:28.890] [main/INFO] [com.brutalbosses.BrutalBosses/]: Loaded boss variant for: minecraft:vindicator
[20Jun2025 08:04:28.890] [main/INFO] [com.brutalbosses.BrutalBosses/]: Loaded boss variant for: minecraft:shulker
[20Jun2025 08:04:28.890] [main/INFO] [com.brutalbosses.BrutalBosses/]: Loaded boss variant for: minecraft:zoglin
[20Jun2025 08:04:28.890] [main/INFO] [com.brutalbosses.BrutalBosses/]: Loaded boss variant for: minecraft:chicken
[20Jun2025 08:04:28.890] [main/INFO] [com.brutalbosses.BrutalBosses/]: Loaded boss variant for: minecraft:blaze
[20Jun2025 08:04:28.890] [main/INFO] [com.brutalbosses.BrutalBosses/]: Loaded boss variant for: minecraft:witch
[20Jun2025 08:04:28.890] [main/INFO] [com.brutalbosses.BrutalBosses/]: Loaded boss variant for: minecraft:phantom
[20Jun2025 08:04:28.890] [main/INFO] [com.brutalbosses.BrutalBosses/]: Loaded boss variant for: minecraft:mooshroom
[20Jun2025 08:04:28.890] [main/INFO] [com.brutalbosses.BrutalBosses/]: Loaded boss variant for: minecraft:rabbit
[20Jun2025 08:04:28.890] [main/INFO] [com.brutalbosses.BrutalBosses/]: Loaded boss variant for: minecraft:piglin_brute
[20Jun2025 08:04:28.890] [main/INFO] [com.brutalbosses.BrutalBosses/]: Loaded boss variant for: minecraft:ghast
[20Jun2025 08:04:28.890] [main/INFO] [com.brutalbosses.BrutalBosses/]: Loaded boss variant for: minecraft:stray
[20Jun2025 08:04:28.895] [main/INFO] [quark-zeta/]: Modified advancement minecraft:husbandry/wax_on with 2 patches
[20Jun2025 08:04:28.895] [main/INFO] [quark-zeta/]: Modified advancement minecraft:adventure/kill_a_mob with 3 patches
[20Jun2025 08:04:28.896] [main/INFO] [quark-zeta/]: Modified advancement minecraft:husbandry/bred_all_animals with 3 patches
[20Jun2025 08:04:28.896] [main/INFO] [quark-zeta/]: Modified advancement minecraft:adventure/kill_all_mobs with 3 patches
[20Jun2025 08:04:28.896] [main/INFO] [quark-zeta/]: Modified advancement minecraft:husbandry/balanced_diet with 2 patches
[20Jun2025 08:04:28.896] [main/INFO] [quark-zeta/]: Modified advancement minecraft:nether/all_effects with 1 patches
[20Jun2025 08:04:28.897] [main/INFO] [quark-zeta/]: Modified advancement minecraft:husbandry/wax_off with 2 patches
[20Jun2025 08:04:28.897] [main/INFO] [quark-zeta/]: Modified advancement minecraft:adventure/adventuring_time with 1 patches
[20Jun2025 08:04:28.897] [main/INFO] [quark-zeta/]: Modified advancement minecraft:nether/all_potions with 1 patches
[20Jun2025 08:04:28.902] [main/INFO] [placebo/]: Registered 0 gear_sets.
[20Jun2025 08:04:28.906] [main/INFO] [insane96mcp.insanelib.InsaneLib/]: Reloading InsaneLib JsonFeature Json
[20Jun2025 08:04:29.083] [main/WARN] [ModernFix/]: Initial datapack load took 14.98 s
[20Jun2025 08:04:29.383] [Server thread/INFO] [net.minecraft.server.dedicated.DedicatedServer/]: Starting minecraft server version 1.20.1
[20Jun2025 08:04:29.383] [Server thread/INFO] [net.minecraft.server.dedicated.DedicatedServer/]: Loading properties
[20Jun2025 08:04:29.383] [Server thread/INFO] [net.minecraft.server.dedicated.DedicatedServer/]: Default game type: SURVIVAL
[20Jun2025 08:04:29.383] [Server thread/INFO] [net.minecraft.server.MinecraftServer/]: Generating keypair
[20Jun2025 08:04:29.503] [Server thread/INFO] [net.minecraft.server.dedicated.DedicatedServer/]: Starting Minecraft server on *:25565
[20Jun2025 08:04:29.529] [Server thread/INFO] [net.minecraft.server.network.ServerConnectionListener/]: Using epoll channel type
[20Jun2025 08:04:29.630] [Server thread/INFO] [com.cupboard.Cupboard/]: Loaded config for: dynamicview.json
[20Jun2025 08:04:29.637] [Server thread/INFO] [Puzzles Lib/]: Loading server config for easyanvils
[20Jun2025 08:04:29.645] [Server thread/INFO] [Puzzles Lib/]: Loading server config for easymagic
[20Jun2025 08:04:29.647] [Server thread/WARN] [net.minecraftforge.common.ForgeConfigSpec/CORE]: Configuration file ./world/serverconfig/jei-server.toml is not correct. Correcting
[20Jun2025 08:04:29.647] [Server thread/WARN] [net.minecraftforge.common.ForgeConfigSpec/CORE]: Incorrect key cheat mode was corrected from null to its default, SimpleCommentedConfig:{}. 
[20Jun2025 08:04:29.647] [Server thread/WARN] [net.minecraftforge.common.ForgeConfigSpec/CORE]: Incorrect key cheat mode.enableCheatModeForOp was corrected from null to its default, true. 
[20Jun2025 08:04:29.648] [Server thread/WARN] [net.minecraftforge.common.ForgeConfigSpec/CORE]: Incorrect key cheat mode.enableCheatModeForCreative was corrected from null to its default, true. 
[20Jun2025 08:04:29.648] [Server thread/WARN] [net.minecraftforge.common.ForgeConfigSpec/CORE]: Incorrect key cheat mode.enableCheatModeForGive was corrected from null to its default, false. 
[20Jun2025 08:04:29.959] [Server thread/INFO] [APTweaks(Core)/]: [APTweaks:Core] Game difficult factors EASY: 0.9, NORMAL: 1.0, PEACEFUL: 1.0 and HARD: 2.0
[20Jun2025 08:04:29.959] [Server thread/INFO] [APTweaks(Core)/]: [APTweaks:Core] ⏲ Phase 1/3 - Server took about 63.785 sec to load ...
[20Jun2025 08:04:30.050] [Server thread/INFO] [spark/]: Starting background profiler...
[20Jun2025 08:04:30.488] [Server thread/INFO] [APTweaks(Items)/]: Max number of Items allowed per world: 128 / per type: 32
[20Jun2025 08:04:30.488] [Server thread/INFO] [APTweaks(Items)/]: Enable clustering of items with a radius of 3 blocks.
[20Jun2025 08:04:30.488] [Server thread/INFO] [APTweaks(Items)/]: Optimize all items except from deny list: [item.minecraft.diamond, item.minecraft.diamond_block]
[20Jun2025 08:04:30.490] [Server thread/INFO] [APTweaks(Items)/]: Enable clustering of Experience Orbs with a radius of 4 blocks.
[20Jun2025 08:04:30.490] [Server thread/ERROR] [APTweaks(Items)/]: WARNING: Clumps groups XP orbs together into a new single entity, which will conflict with the XP Orb feature of this mod!
[20Jun2025 08:04:30.490] [Server thread/WARN] [APTweaks(Items)/]: Don't use both optimizations together! Clustering of Experience Orbs will be automatically disabled!
[20Jun2025 08:04:30.491] [Server thread/INFO] [Framework/]: Loading server configs...
[20Jun2025 08:04:30.523] [Server thread/INFO] [zeta/]: Server starting, accepting filewatcher changes for zeta's config
[20Jun2025 08:04:30.526] [Server thread/INFO] [quark-zeta/]: Server starting, accepting filewatcher changes for quark's config
[20Jun2025 08:04:30.527] [Server thread/INFO] [dev.zanckor.cobblemonrider.CobblemonRider/]: Cobblemon pokemon ride config file already exists at /workspaces/server1/servidor_minecraft/./world/./serverconfig/pokemonRideConfig.json
[20Jun2025 08:04:30.555] [Server thread/INFO] [terrablender/]: Initialized TerraBlender biomes for level stem minecraft:the_nether
[20Jun2025 08:04:31.366] [Server thread/INFO] [terrablender/]: Initialized TerraBlender biomes for level stem minecraft:overworld
[20Jun2025 08:04:31.367] [Server thread/INFO] [net.minecraft.server.dedicated.DedicatedServer/]: Preparing level "world"
[20Jun2025 08:04:31.437] [Server thread/WARN] [mixin/]: Mixin apply failed betterchunkloading.mixins.json:ServerChunkCacheMixin -> net.minecraft.server.level.ServerChunkCache: org.spongepowered.asm.mixin.injection.throwables.InvalidInjectionException @At("INVOKE") on net/minecraft/server/level/ServerChunkCache::prioWaiting with priority 200 cannot inject into net/minecraft/server/level/ServerChunkCache::m_7587_(IILnet/minecraft/world/level/chunk/ChunkStatus;Z)Lnet/minecraft/world/level/chunk/ChunkAccess; merged by com.abdelaziz.canary.mixin.world.chunk_access.ServerChunkCacheMixin with priority 1000 [ -> redirect$cda000$prioWaiting(Lnet/minecraft/server/level/ServerChunkCache;IILnet/minecraft/world/level/chunk/ChunkStatus;Z)Ljava/util/concurrent/CompletableFuture; -> Prepare]
org.spongepowered.asm.mixin.injection.throwables.InvalidInjectionException: @At("INVOKE") on net/minecraft/server/level/ServerChunkCache::prioWaiting with priority 200 cannot inject into net/minecraft/server/level/ServerChunkCache::m_7587_(IILnet/minecraft/world/level/chunk/ChunkStatus;Z)Lnet/minecraft/world/level/chunk/ChunkAccess; merged by com.abdelaziz.canary.mixin.world.chunk_access.ServerChunkCacheMixin with priority 1000 [ -> redirect$cda000$prioWaiting(Lnet/minecraft/server/level/ServerChunkCache;IILnet/minecraft/world/level/chunk/ChunkStatus;Z)Ljava/util/concurrent/CompletableFuture; -> Prepare]
	at org.spongepowered.asm.mixin.injection.code.Injector.findTargetNodes(Injector.java:305) ~[mixin-0.8.5.jar%2365!/:0.8.5+Jenkins-b310.git-155314e6e91465dad727e621a569906a410cd6f4]
	at org.spongepowered.asm.mixin.injection.code.Injector.find(Injector.java:240) ~[mixin-0.8.5.jar%2365!/:0.8.5+Jenkins-b310.git-155314e6e91465dad727e621a569906a410cd6f4]
	at org.spongepowered.asm.mixin.injection.struct.InjectionInfo.prepare(InjectionInfo.java:421) ~[mixin-0.8.5.jar%2365!/:0.8.5+Jenkins-b310.git-155314e6e91465dad727e621a569906a410cd6f4]
	at org.spongepowered.asm.mixin.transformer.MixinTargetContext.prepareInjections(MixinTargetContext.java:1319) ~[mixin-0.8.5.jar%2365!/:0.8.5+Jenkins-b310.git-155314e6e91465dad727e621a569906a410cd6f4]
	at org.spongepowered.asm.mixin.transformer.MixinApplicatorStandard.prepareInjections(MixinApplicatorStandard.java:1042) ~[mixin-0.8.5.jar%2365!/:0.8.5+Jenkins-b310.git-155314e6e91465dad727e621a569906a410cd6f4]
	at org.spongepowered.asm.mixin.transformer.MixinApplicatorStandard.applyMixin(MixinApplicatorStandard.java:393) ~[mixin-0.8.5.jar%2365!/:0.8.5+Jenkins-b310.git-155314e6e91465dad727e621a569906a410cd6f4]
	at org.spongepowered.asm.mixin.transformer.MixinApplicatorStandard.apply(MixinApplicatorStandard.java:325) ~[mixin-0.8.5.jar%2365!/:0.8.5+Jenkins-b310.git-155314e6e91465dad727e621a569906a410cd6f4]
	at org.spongepowered.asm.mixin.transformer.TargetClassContext.apply(TargetClassContext.java:383) ~[mixin-0.8.5.jar%2365!/:0.8.5+Jenkins-b310.git-155314e6e91465dad727e621a569906a410cd6f4]
	at org.spongepowered.asm.mixin.transformer.TargetClassContext.applyMixins(TargetClassContext.java:365) ~[mixin-0.8.5.jar%2365!/:0.8.5+Jenkins-b310.git-155314e6e91465dad727e621a569906a410cd6f4]
	at org.spongepowered.asm.mixin.transformer.MixinProcessor.applyMixins(MixinProcessor.java:363) ~[mixin-0.8.5.jar%2365!/:0.8.5+Jenkins-b310.git-155314e6e91465dad727e621a569906a410cd6f4]
	at org.spongepowered.asm.mixin.transformer.MixinTransformer.transformClass(MixinTransformer.java:250) ~[mixin-0.8.5.jar%2365!/:0.8.5+Jenkins-b310.git-155314e6e91465dad727e621a569906a410cd6f4]
	at org.spongepowered.asm.service.modlauncher.MixinTransformationHandler.processClass(MixinTransformationHandler.java:131) ~[mixin-0.8.5.jar%2365!/:0.8.5+Jenkins-b310.git-155314e6e91465dad727e621a569906a410cd6f4]
	at org.spongepowered.asm.launch.MixinLaunchPluginLegacy.processClass(MixinLaunchPluginLegacy.java:131) ~[mixin-0.8.5.jar%2365!/:0.8.5+Jenkins-b310.git-155314e6e91465dad727e621a569906a410cd6f4]
	at cpw.mods.modlauncher.serviceapi.ILaunchPluginService.processClassWithFlags(ILaunchPluginService.java:156) ~[modlauncher-10.0.9.jar%2355!/:10.0.9+10.0.9+main.dcd20f30]
	at cpw.mods.modlauncher.LaunchPluginHandler.offerClassNodeToPlugins(LaunchPluginHandler.java:88) ~[modlauncher-10.0.9.jar%2355!/:?]
	at cpw.mods.modlauncher.ClassTransformer.transform(ClassTransformer.java:120) ~[modlauncher-10.0.9.jar%2355!/:?]
	at cpw.mods.modlauncher.TransformingClassLoader.maybeTransformClassBytes(TransformingClassLoader.java:50) ~[modlauncher-10.0.9.jar%2355!/:?]
	at cpw.mods.cl.ModuleClassLoader.readerToClass(ModuleClassLoader.java:113) ~[securejarhandler-2.1.10.jar:?]
	at cpw.mods.cl.ModuleClassLoader.lambda$findClass$15(ModuleClassLoader.java:219) ~[securejarhandler-2.1.10.jar:?]
	at cpw.mods.cl.ModuleClassLoader.loadFromModule(ModuleClassLoader.java:229) ~[securejarhandler-2.1.10.jar:?]
	at cpw.mods.cl.ModuleClassLoader.findClass(ModuleClassLoader.java:219) ~[securejarhandler-2.1.10.jar:?]
	at cpw.mods.cl.ModuleClassLoader.loadClass(ModuleClassLoader.java:135) ~[securejarhandler-2.1.10.jar:?]
	at java.lang.ClassLoader.loadClass(ClassLoader.java:525) ~[?:?]
	at net.minecraft.server.MinecraftServer.m_129815_(MinecraftServer.java:337) ~[server-1.20.1-20230612.114412-srg.jar%23379!/:?]
	at net.minecraft.server.MinecraftServer.m_130006_(MinecraftServer.java:308) ~[server-1.20.1-20230612.114412-srg.jar%23379!/:?]
	at net.minecraft.server.dedicated.DedicatedServer.m_7038_(DedicatedServer.java:164) ~[server-1.20.1-20230612.114412-srg.jar%23379!/:?]
	at net.minecraft.server.MinecraftServer.m_130011_(MinecraftServer.java:634) ~[server-1.20.1-20230612.114412-srg.jar%23379!/:?]
	at net.minecraft.server.MinecraftServer.m_206580_(MinecraftServer.java:251) ~[server-1.20.1-20230612.114412-srg.jar%23379!/:?]
	at java.lang.Thread.run(Thread.java:840) ~[?:?]
[20Jun2025 08:04:31.992] [Server thread/INFO] [com.cupboard.Cupboard/]: Loaded config for: betterchunkloading.json
[20Jun2025 08:04:32.613] [Server thread/WARN] [net.minecraft.network.syncher.SynchedEntityData/]: defineId called for: class net.miauczel.legendary_monsters.entity.custom.IceSpikeEntity from class net.miauczel.legendary_monsters.entity.AnimatedMonster.Projectile.PowerBallBombEntity
[20Jun2025 08:04:32.613] [Server thread/WARN] [net.minecraft.network.syncher.SynchedEntityData/]: defineId called for: class net.miauczel.legendary_monsters.entity.custom.IceSpikeEntity from class net.miauczel.legendary_monsters.entity.AnimatedMonster.Projectile.PowerBallBombEntity
[20Jun2025 08:04:32.624] [Server thread/WARN] [net.minecraft.network.syncher.SynchedEntityData/]: defineId called for: class net.miauczel.legendary_monsters.entity.custom.IceSpikeEntity from class net.miauczel.legendary_monsters.entity.AnimatedMonster.Projectile.SmallPowerBallBombEntity
[20Jun2025 08:04:32.639] [Server thread/WARN] [net.minecraft.network.syncher.SynchedEntityData/]: defineId called for: class forge.net.mca.entity.CribEntity from class forge.net.mca.util.network.datasync.CDataParameter
[20Jun2025 08:04:32.640] [Server thread/WARN] [net.minecraft.network.syncher.SynchedEntityData/]: defineId called for: class forge.net.mca.entity.CribEntity from class forge.net.mca.util.network.datasync.CEnumParameter
[20Jun2025 08:04:32.640] [Server thread/WARN] [net.minecraft.network.syncher.SynchedEntityData/]: defineId called for: class forge.net.mca.entity.CribEntity from class forge.net.mca.util.network.datasync.CEnumParameter
[20Jun2025 08:04:32.672] [Server thread/WARN] [net.minecraft.network.syncher.SynchedEntityData/]: defineId called for: class forge.net.mca.entity.ZombieVillagerEntityMCA from class forge.net.mca.util.network.datasync.CDataParameter
[20Jun2025 08:04:32.673] [Server thread/WARN] [net.minecraft.network.syncher.SynchedEntityData/]: defineId called for: class forge.net.mca.entity.ZombieVillagerEntityMCA from class forge.net.mca.util.network.datasync.CDataParameter
[20Jun2025 08:04:32.673] [Server thread/WARN] [net.minecraft.network.syncher.SynchedEntityData/]: defineId called for: class forge.net.mca.entity.ZombieVillagerEntityMCA from class forge.net.mca.util.network.datasync.CDataParameter
[20Jun2025 08:04:32.673] [Server thread/WARN] [net.minecraft.network.syncher.SynchedEntityData/]: defineId called for: class forge.net.mca.entity.ZombieVillagerEntityMCA from class forge.net.mca.util.network.datasync.CDataParameter
[20Jun2025 08:04:32.674] [Server thread/WARN] [net.minecraft.network.syncher.SynchedEntityData/]: defineId called for: class forge.net.mca.entity.ZombieVillagerEntityMCA from class forge.net.mca.util.network.datasync.CDataParameter
[20Jun2025 08:04:32.674] [Server thread/WARN] [net.minecraft.network.syncher.SynchedEntityData/]: defineId called for: class forge.net.mca.entity.ZombieVillagerEntityMCA from class forge.net.mca.util.network.datasync.CDataParameter
[20Jun2025 08:04:32.674] [Server thread/WARN] [net.minecraft.network.syncher.SynchedEntityData/]: defineId called for: class forge.net.mca.entity.ZombieVillagerEntityMCA from class forge.net.mca.util.network.datasync.CDataParameter
[20Jun2025 08:04:32.674] [Server thread/WARN] [net.minecraft.network.syncher.SynchedEntityData/]: defineId called for: class forge.net.mca.entity.ZombieVillagerEntityMCA from class forge.net.mca.util.network.datasync.CEnumParameter
[20Jun2025 08:04:32.674] [Server thread/WARN] [net.minecraft.network.syncher.SynchedEntityData/]: defineId called for: class forge.net.mca.entity.ZombieVillagerEntityMCA from class forge.net.mca.util.network.datasync.CDataParameter
[20Jun2025 08:04:32.675] [Server thread/WARN] [net.minecraft.network.syncher.SynchedEntityData/]: defineId called for: class forge.net.mca.entity.ZombieVillagerEntityMCA from class forge.net.mca.util.network.datasync.CDataParameter
[20Jun2025 08:04:32.675] [Server thread/WARN] [net.minecraft.network.syncher.SynchedEntityData/]: defineId called for: class forge.net.mca.entity.ZombieVillagerEntityMCA from class forge.net.mca.util.network.datasync.CDataParameter
[20Jun2025 08:04:32.675] [Server thread/WARN] [net.minecraft.network.syncher.SynchedEntityData/]: defineId called for: class forge.net.mca.entity.ZombieVillagerEntityMCA from class forge.net.mca.util.network.datasync.CDataParameter
[20Jun2025 08:04:32.675] [Server thread/WARN] [net.minecraft.network.syncher.SynchedEntityData/]: defineId called for: class forge.net.mca.entity.ZombieVillagerEntityMCA from class forge.net.mca.util.network.datasync.CDataParameter
[20Jun2025 08:04:32.676] [Server thread/WARN] [net.minecraft.network.syncher.SynchedEntityData/]: defineId called for: class forge.net.mca.entity.ZombieVillagerEntityMCA from class forge.net.mca.util.network.datasync.CDataParameter
[20Jun2025 08:04:32.677] [Server thread/WARN] [net.minecraft.network.syncher.SynchedEntityData/]: defineId called for: class forge.net.mca.entity.ZombieVillagerEntityMCA from class forge.net.mca.util.network.datasync.CDataParameter
[20Jun2025 08:04:32.677] [Server thread/WARN] [net.minecraft.network.syncher.SynchedEntityData/]: defineId called for: class forge.net.mca.entity.ZombieVillagerEntityMCA from class forge.net.mca.util.network.datasync.CDataParameter
[20Jun2025 08:04:32.678] [Server thread/WARN] [net.minecraft.network.syncher.SynchedEntityData/]: defineId called for: class forge.net.mca.entity.ZombieVillagerEntityMCA from class forge.net.mca.util.network.datasync.CDataParameter
[20Jun2025 08:04:32.678] [Server thread/WARN] [net.minecraft.network.syncher.SynchedEntityData/]: defineId called for: class forge.net.mca.entity.ZombieVillagerEntityMCA from class forge.net.mca.util.network.datasync.CDataParameter
[20Jun2025 08:04:32.679] [Server thread/WARN] [net.minecraft.network.syncher.SynchedEntityData/]: defineId called for: class forge.net.mca.entity.ZombieVillagerEntityMCA from class forge.net.mca.util.network.datasync.CDataParameter
[20Jun2025 08:04:32.679] [Server thread/WARN] [net.minecraft.network.syncher.SynchedEntityData/]: defineId called for: class forge.net.mca.entity.ZombieVillagerEntityMCA from class forge.net.mca.util.network.datasync.CEnumParameter
[20Jun2025 08:04:32.679] [Server thread/WARN] [net.minecraft.network.syncher.SynchedEntityData/]: defineId called for: class forge.net.mca.entity.ZombieVillagerEntityMCA from class forge.net.mca.util.network.datasync.CDataParameter
[20Jun2025 08:04:32.679] [Server thread/WARN] [net.minecraft.network.syncher.SynchedEntityData/]: defineId called for: class forge.net.mca.entity.ZombieVillagerEntityMCA from class forge.net.mca.util.network.datasync.CDataParameter
[20Jun2025 08:04:32.679] [Server thread/WARN] [net.minecraft.network.syncher.SynchedEntityData/]: defineId called for: class forge.net.mca.entity.ZombieVillagerEntityMCA from class forge.net.mca.util.network.datasync.CEnumParameter
[20Jun2025 08:04:32.679] [Server thread/WARN] [net.minecraft.network.syncher.SynchedEntityData/]: defineId called for: class forge.net.mca.entity.ZombieVillagerEntityMCA from class forge.net.mca.util.network.datasync.CDataParameter
[20Jun2025 08:04:32.680] [Server thread/WARN] [net.minecraft.network.syncher.SynchedEntityData/]: defineId called for: class forge.net.mca.entity.ZombieVillagerEntityMCA from class forge.net.mca.util.network.datasync.CEnumParameter
[20Jun2025 08:04:32.680] [Server thread/WARN] [net.minecraft.network.syncher.SynchedEntityData/]: defineId called for: class forge.net.mca.entity.ZombieVillagerEntityMCA from class forge.net.mca.util.network.datasync.CEnumParameter
[20Jun2025 08:04:32.680] [Server thread/WARN] [net.minecraft.network.syncher.SynchedEntityData/]: defineId called for: class forge.net.mca.entity.ZombieVillagerEntityMCA from class forge.net.mca.util.network.datasync.CDataParameter
[20Jun2025 08:04:32.680] [Server thread/WARN] [net.minecraft.network.syncher.SynchedEntityData/]: defineId called for: class forge.net.mca.entity.ZombieVillagerEntityMCA from class forge.net.mca.util.network.datasync.CDataParameter
[20Jun2025 08:04:32.681] [Server thread/WARN] [net.minecraft.network.syncher.SynchedEntityData/]: defineId called for: class forge.net.mca.entity.ZombieVillagerEntityMCA from class forge.net.mca.util.network.datasync.CDataParameter
[20Jun2025 08:04:32.681] [Server thread/WARN] [net.minecraft.network.syncher.SynchedEntityData/]: defineId called for: class forge.net.mca.entity.ZombieVillagerEntityMCA from class forge.net.mca.util.network.datasync.CDataParameter
[20Jun2025 08:04:32.681] [Server thread/WARN] [net.minecraft.network.syncher.SynchedEntityData/]: defineId called for: class forge.net.mca.entity.ZombieVillagerEntityMCA from class forge.net.mca.util.network.datasync.CDataParameter
[20Jun2025 08:04:32.681] [Server thread/WARN] [net.minecraft.network.syncher.SynchedEntityData/]: defineId called for: class forge.net.mca.entity.ZombieVillagerEntityMCA from class forge.net.mca.util.network.datasync.CDataParameter
[20Jun2025 08:04:32.681] [Server thread/WARN] [net.minecraft.network.syncher.SynchedEntityData/]: defineId called for: class forge.net.mca.entity.ZombieVillagerEntityMCA from class forge.net.mca.util.network.datasync.CDataParameter
[20Jun2025 08:04:32.682] [Server thread/WARN] [net.minecraft.network.syncher.SynchedEntityData/]: defineId called for: class forge.net.mca.entity.ZombieVillagerEntityMCA from class forge.net.mca.util.network.datasync.CDataParameter
[20Jun2025 08:04:32.682] [Server thread/WARN] [net.minecraft.network.syncher.SynchedEntityData/]: defineId called for: class forge.net.mca.entity.ZombieVillagerEntityMCA from class forge.net.mca.util.network.datasync.CDataParameter
[20Jun2025 08:04:32.682] [Server thread/WARN] [net.minecraft.network.syncher.SynchedEntityData/]: defineId called for: class forge.net.mca.entity.ZombieVillagerEntityMCA from class forge.net.mca.util.network.datasync.CDataParameter
[20Jun2025 08:04:32.682] [Server thread/WARN] [net.minecraft.network.syncher.SynchedEntityData/]: defineId called for: class forge.net.mca.entity.ZombieVillagerEntityMCA from class forge.net.mca.util.network.datasync.CDataParameter
[20Jun2025 08:04:32.908] [Server thread/WARN] [net.minecraft.network.syncher.SynchedEntityData/]: defineId called for: class net.minecraft.world.entity.item.FallingBlockEntity from class com.peeko32213.unusualprehistory.common.entity.msc.projectile.ThrowableFallingBlockEntity
[20Jun2025 08:04:33.043] [Server thread/WARN] [com.structureessentials.StructureEssentials/]: Non-unique structure_set salt:0 potentially creating overlapping structures detected. Structure sets: [minecraft:mineshafts, minecraft:strongholds, minecraft:buried_treasures]
[20Jun2025 08:04:33.043] [Server thread/WARN] [com.structureessentials.StructureEssentials/]: Non-unique structure_set salt:2358902 potentially creating overlapping structures detected. Structure sets: [terralith:mage, terralith:regular]
[20Jun2025 08:04:33.043] [Server thread/WARN] [com.structureessentials.StructureEssentials/]: Non-unique structure_set salt:10387313 potentially creating overlapping structures detected. Structure sets: [minecraft:ocean_monuments, minecraft:end_cities, dungeoncrawl:dungeons]
[20Jun2025 08:04:33.044] [Server thread/WARN] [com.structureessentials.StructureEssentials/]: Non-unique structure_set salt:3 potentially creating overlapping structures detected. Structure sets: [alexscaves:cake_cave, alexscaves:ferrocave]
[20Jun2025 08:04:33.044] [Server thread/WARN] [com.structureessentials.StructureEssentials/]: Non-unique structure_set salt:783 potentially creating overlapping structures detected. Structure sets: [nova_structures:taverns, nova_structures:badlands_miner_outpost]
[20Jun2025 08:04:33.044] [Server thread/WARN] [com.structureessentials.StructureEssentials/]: Non-unique structure_set salt:1695780744 potentially creating overlapping structures detected. Structure sets: [cobblemon:fossils/lush, cobblemon:ruins/lush]
[20Jun2025 08:04:33.044] [Server thread/WARN] [com.structureessentials.StructureEssentials/]: Non-unique structure_set salt:2 potentially creating overlapping structures detected. Structure sets: [alexscaves:ocean_trench, alexscaves:acid_pit]
[20Jun2025 08:04:33.044] [Server thread/WARN] [com.structureessentials.StructureEssentials/]: Non-unique structure_set salt:239021 potentially creating overlapping structures detected. Structure sets: [nova_structures:desert_ruins, nova_structures:jungle_ruins]
[20Jun2025 08:04:33.044] [Server thread/WARN] [com.structureessentials.StructureEssentials/]: Non-unique structure_set salt:784827271 potentially creating overlapping structures detected. Structure sets: [betterfortresses:fortress, betteroceanmonuments:ocean_monument]
[20Jun2025 08:04:33.045] [Server thread/WARN] [com.structureessentials.StructureEssentials/]: Non-unique structure_set salt:5792349 potentially creating overlapping structures detected. Structure sets: [legendary_monsters:ruined_pyramid, legendary_monsters:ancient_stronghold]
[20Jun2025 08:04:33.045] [Server thread/WARN] [com.structureessentials.StructureEssentials/]: Non-unique structure_set salt:165745296 potentially creating overlapping structures detected. Structure sets: [minecraft:pillager_outposts, wan_ancient_beasts:desert_ruins]
[20Jun2025 08:04:33.045] [Server thread/WARN] [com.structureessentials.StructureEssentials/]: Non-unique structure_set salt:10387312 potentially creating overlapping structures detected. Structure sets: [minecraft:villages, nova_structures:villages_jungle, nova_structures:villages_swamp]
[20Jun2025 08:04:33.045] [Server thread/WARN] [com.structureessentials.StructureEssentials/]: Non-unique structure_set salt:4533232 potentially creating overlapping structures detected. Structure sets: [nova_structures:illager_camp, nova_structures:nether_camps]
[20Jun2025 08:04:33.049] [Server thread/INFO] [net.regions_unexplored.RegionsUnexploredMod/]: Loading dimension "minecraft:the_nether" with biome source: "blueprint:modded".
[20Jun2025 08:04:33.049] [Server thread/INFO] [APTweaks(Core)/]: [APTweaks:Core] Game difficulty is set to HARD with a 2.0 factor.
[20Jun2025 08:04:33.050] [Server thread/INFO] [net.minecraft.server.MinecraftServer/]: Preparing start region for dimension minecraft:overworld
[20Jun2025 08:04:33.055] [Server thread/WARN] [mixin/]: Method overwrite conflict for removeIf in canary.mixins.json:world.chunk_tickets.SortedArraySetMixin, previously written by org.embeddedt.modernfix.common.mixin.bugfix.paper_chunk_patches.SortedArraySetMixin. Skipping method.
[20Jun2025 08:04:35.557] [Server thread/INFO] [STDOUT/]: [earth.terrarium.botarium.common.energy.EnergyApi:finalizeBlockRegistration:39]: Finalizing energy block registration
[20Jun2025 08:04:35.559] [Server thread/INFO] [STDOUT/]: [earth.terrarium.botarium.common.fluid.FluidApi:finalizeBlockRegistration:42]: Finalizing fluid block registration
[20Jun2025 08:04:36.022] [Server thread/INFO] [com.cupboard.Cupboard/]: Loaded config for: brutalbosses.json
[20Jun2025 08:04:54.689] [Worker-Main-3/INFO] [STDOUT/]: [earth.terrarium.botarium.common.energy.EnergyApi:finalizeItemRegistration:54]: Finalizing energy item registration
[20Jun2025 08:04:54.690] [Worker-Main-3/INFO] [STDOUT/]: [earth.terrarium.botarium.common.fluid.FluidApi:finalizeItemRegistration:55]: Finalizing fluid item registration
[20Jun2025 08:04:57.508] [Server thread/INFO] [net.minecraft.server.level.progress.LoggerChunkProgressListener/]: Time elapsed: 6272904 ms
[20Jun2025 08:04:57.509] [Server thread/INFO] [net.minecraft.server.dedicated.DedicatedServer/]: Done (27.876s)! For help, type "help"
[20Jun2025 08:04:57.630] [Server thread/INFO] [com.cobblemon.mod.common.Cobblemon/]: Starting Forge permission node registry
[20Jun2025 08:04:57.633] [Server thread/INFO] [net.minecraftforge.server.permission.PermissionAPI/]: Successfully initialized permission handler forge:default_handler
[20Jun2025 08:04:57.636] [Server thread/INFO] [APTweaks(Core)/]: [APTweaks:Core] Max number of remote players is set to 2
[20Jun2025 08:04:57.650] [Server thread/INFO] [APTweaks(Core)/]: [APTweaks:Core] ⏲ Phase 2/3 - Server took about 91.476 sec to starting (∆: 27.691 secs)...
[20Jun2025 08:04:57.656] [Server thread/WARN] [solapplepie/]: Item is not food: largemeals:sweet_berry_custard
[20Jun2025 08:04:57.656] [Server thread/WARN] [solapplepie/]: Item is not food: largemeals:pufferfish_broth
[20Jun2025 08:04:57.656] [Server thread/WARN] [solapplepie/]: Item is not food: largemeals:mushroom_pot_pie
[20Jun2025 08:04:57.656] [Server thread/WARN] [solapplepie/]: Item is not food: largemeals:hearty_lunch
[20Jun2025 08:04:57.657] [Server thread/WARN] [solapplepie/]: Item is not food: farmersrespite:green_tea
[20Jun2025 08:04:57.657] [Server thread/WARN] [solapplepie/]: Item is not food: farmersrespite:yellow_tea
[20Jun2025 08:04:57.657] [Server thread/WARN] [solapplepie/]: Item is not food: farmersrespite:coffee
[20Jun2025 08:04:57.658] [Server thread/WARN] [solapplepie/]: Item is not food: farmersrespite:black_tea
[20Jun2025 08:04:57.658] [Server thread/WARN] [solapplepie/]: Item is not food: farmersrespite:rose_hip_tea
[20Jun2025 08:04:57.659] [Server thread/WARN] [solapplepie/]: Item is not food: farmersrespite:dandelion_tea
[20Jun2025 08:04:57.659] [Server thread/WARN] [solapplepie/]: Item is not food: farmersrespite:black_tea
[20Jun2025 08:04:57.659] [Server thread/WARN] [solapplepie/]: Item is not food: farmersrespite:rose_hip_pie_slice
[20Jun2025 08:04:57.660] [Server thread/WARN] [solapplepie/]: Item is not food: farmersrespite:coffee_cake_slice
[20Jun2025 08:04:57.660] [Server thread/WARN] [solapplepie/]: Item is not food: farmersrespite:blazing_chili
[20Jun2025 08:04:57.660] [Server thread/WARN] [solapplepie/]: Item is not food: farmersdelight:cake_slice
[20Jun2025 08:04:57.660] [Server thread/WARN] [solapplepie/]: Item is not food: farmersdelight:chocolate_pie_slice
[20Jun2025 08:04:57.660] [Server thread/WARN] [solapplepie/]: Item is not food: farmersdelight:apple_pie_slice
[20Jun2025 08:04:57.660] [Server thread/WARN] [solapplepie/]: Item is not food: farmersdelight:sweet_berry_cheesecake_slice
[20Jun2025 08:04:57.666] [Server thread/INFO] [APTweaks(Core)/]: [APTweaks:Core] ⏲ Phase 3/3 - Server took about 91.492 sec to be available and ready to play (∆: 0.016 secs) ...
[20Jun2025 08:04:57.666] [Server thread/INFO] [cyclopscore/]: Loading infobook /data/cyclopscore/info/test.xml
[20Jun2025 08:04:57.749] [Server thread/INFO] [com.cupboard.Cupboard/]: Loaded config for: smoothchunk.json
[20Jun2025 08:04:57.753] [Server thread/INFO] [com.cupboard.Cupboard/]: Loaded config for: dragonfight.json
[20Jun2025 08:04:57.753] [Server thread/INFO] [com.cupboard.Cupboard/]: Loaded config for: chunksending.json
[20Jun2025 08:04:57.759] [Server thread/INFO] [Cobbledex/]: Server initialized...
[20Jun2025 08:04:57.760] [Server thread/INFO] [Cobbledex/]: Loading CobbledexCoopDiscovery at "/workspaces/server1/servidor_minecraft/./world/./cobbledex-coop.json"...
[20Jun2025 08:04:57.811] [Server thread/INFO] [net.bettercombat.logic.WeaponRegistry/]: Encoded Weapon Attribute registry size (with package overhead): 74397 bytes (in 8 string chunks with the size of 10000)
[20Jun2025 08:04:57.812] [Server thread/INFO] [com.peeko32213.unusualprehistory.common.data.AnalyzerRecipeJsonManager/]: Registered 17 jsons with items!
[20Jun2025 08:04:57.813] [Server thread/INFO] [patchouli/]: Sending reload packet to clients
[20Jun2025 08:04:57.820] [Server thread/WARN] [ModernFix/]: Dedicated server took 91.717 seconds to load
[20Jun2025 08:04:58.250] [Server thread/INFO] [STDOUT/]: [com.abdelaziz.canary.common.block.TrackedBlockStatePredicate:<clinit>:14]: Canary Cached BlockState Flags are disabled!
[20Jun2025 08:04:58.669] [Server thread/INFO] [APTweaks(Core)/]: [APTweaks:Core] ↓ Server load changed from NORMAL (avg. 50.0) to LOW (avg. 30.611248016357422)
[20Jun2025 08:04:59.723] [Server thread/INFO] [APTweaks(Core)/]: [APTweaks:Core] ↓ Level load for minecraft:overworld changed from NORMAL (avg. 45.0) to VERY_LOW (avg. 9.43140599)
[20Jun2025 08:04:59.723] [Server thread/INFO] [APTweaks(Core)/]: [APTweaks:Core] ↓ Level load for the_deep_void:deep_void changed from NORMAL (avg. 45.0) to VERY_LOW (avg. 0.09391626)
[20Jun2025 08:04:59.724] [Server thread/INFO] [APTweaks(Core)/]: [APTweaks:Core] ↓ Level load for ad_astra:earth_orbit changed from NORMAL (avg. 45.0) to VERY_LOW (avg. 0.05334736)
[20Jun2025 08:04:59.724] [Server thread/INFO] [APTweaks(Core)/]: [APTweaks:Core] ↓ Level load for ad_astra:mercury_orbit changed from NORMAL (avg. 45.0) to VERY_LOW (avg. 0.04972647)
[20Jun2025 08:04:59.724] [Server thread/INFO] [APTweaks(Core)/]: [APTweaks:Core] ↓ Level load for minecraft:the_nether changed from NORMAL (avg. 45.0) to VERY_LOW (avg. 0.043546919999999996)
[20Jun2025 08:04:59.724] [Server thread/INFO] [APTweaks(Core)/]: [APTweaks:Core] ↓ Level load for minecraft:the_end changed from NORMAL (avg. 45.0) to VERY_LOW (avg. 0.06701417999999999)
[20Jun2025 08:04:59.724] [Server thread/INFO] [APTweaks(Core)/]: [APTweaks:Core] ↓ Level load for ad_astra:mars_orbit changed from NORMAL (avg. 45.0) to VERY_LOW (avg. 0.04688736)
[20Jun2025 08:04:59.724] [Server thread/INFO] [APTweaks(Core)/]: [APTweaks:Core] ↓ Level load for ad_astra:glacio changed from NORMAL (avg. 45.0) to VERY_LOW (avg. 0.05371948)
[20Jun2025 08:04:59.724] [Server thread/INFO] [APTweaks(Core)/]: [APTweaks:Core] ↓ Level load for ad_astra:mars changed from NORMAL (avg. 45.0) to VERY_LOW (avg. 0.0442159)
[20Jun2025 08:04:59.725] [Server thread/INFO] [APTweaks(Core)/]: [APTweaks:Core] ↓ Level load for ad_astra:venus changed from NORMAL (avg. 45.0) to VERY_LOW (avg. 0.043955839999999996)
[20Jun2025 08:04:59.725] [Server thread/INFO] [APTweaks(Core)/]: [APTweaks:Core] ↓ Level load for ad_astra:venus_orbit changed from NORMAL (avg. 45.0) to VERY_LOW (avg. 0.04402131)
[20Jun2025 08:04:59.725] [Server thread/INFO] [APTweaks(Core)/]: [APTweaks:Core] ↓ Level load for ad_astra:moon changed from NORMAL (avg. 45.0) to VERY_LOW (avg. 0.04241556)
[20Jun2025 08:04:59.725] [Server thread/INFO] [APTweaks(Core)/]: [APTweaks:Core] ↓ Level load for ad_astra:glacio_orbit changed from NORMAL (avg. 45.0) to VERY_LOW (avg. 0.04152032)
[20Jun2025 08:04:59.725] [Server thread/INFO] [APTweaks(Core)/]: [APTweaks:Core] ↓ Level load for ad_astra:mercury changed from NORMAL (avg. 45.0) to VERY_LOW (avg. 0.040048980000000005)
[20Jun2025 08:04:59.726] [Server thread/INFO] [APTweaks(Core)/]: [APTweaks:Core] ↓ Level load for ad_astra:moon_orbit changed from NORMAL (avg. 45.0) to VERY_LOW (avg. 0.04117103)
[20Jun2025 08:05:13.471] [Server thread/INFO] [APTweaks(Core)/]: [APTweaks:Core] ↓ Server load changed from LOW (avg. 30.611248016357422) to VERY_LOW (avg. 5.408276557922363)
[20Jun2025 08:05:58.257] [User Authenticator #1/INFO] [net.minecraft.server.network.ServerLoginPacketListenerImpl/]: UUID of player Ansoooooo is e02de1a8-2fb6-49f1-b9dc-8ef7357f32d3
[20Jun2025 08:05:58.581] [Server thread/INFO] [net.minecraft.server.network.ServerLoginPacketListenerImpl/]: com.mojang.authlib.GameProfile@518e3675[id=e02de1a8-2fb6-49f1-b9dc-8ef7357f32d3,name=Ansoooooo,properties={textures=[com.mojang.authlib.properties.Property@6689239f]},legacy=false] (/127.53.158.23:36413) lost connection: Disconnected
